,"tautocorr(signal,0)","tautocorr(signal,1)","tautocorr(signal,2)","tautocorr(signal,3)","tautocorr(signal,4)","tautocorr(signal,5)","tautocorr(signal,6)","tautocorr(signal,7)","tautocorr(signal,8)","tautocorr(signal,9)","tautocorr(signal,10)",tcount(signal),tmean(signal),tstd(signal),tcount(label),tmean(label),tstd(label),"mycorr(signal,label)"
2004-06-01,,,,,,,,,,,,0,,,0,,,
2004-07-01,,,,,,,,,,,,0,,,0,,,
2004-08-01,,,,,,,,,,,,0,,,0,,,
2004-09-01,,,,,,,,,,,,0,,,0,,,
2004-10-01,,,,,,,,,,,,0,,,0,,,
2004-11-01,,,,,,,,,,,,0,,,0,,,
2004-12-01,,,,,,,,,,,,0,,,0,,,
2005-01-01,,,,,,,,,,,,0,,,0,,,
2005-02-01,,,,,,,,,,,,0,,,0,,,
2005-03-01,,,,,,,,,,,,0,,,0,,,
2005-04-01,,,,,,,,,,,,0,,,0,,,
2005-05-01,,,,,,,,,,,,0,,,0,,,
2005-06-01,,,,,,,,,,,,0,,,0,,,
2005-07-01,,,,,,,,,,,,0,,,0,,,
2005-08-01,,,,,,,,,,,,0,,,0,,,
2005-09-01,,,,,,,,,,,,0,,,0,,,
2005-10-01,,,,,,,,,,,,0,,,0,,,
2005-11-01,,,,,,,,,,,,0,,,0,,,
2005-12-01,,,,,,,,,,,,0,,,0,,,
2006-01-01,,,,,,,,,,,,0,,,0,,,
2006-02-01,,,,,,,,,,,,0,,,0,,,
2006-03-01,,,,,,,,,,,,0,,,0,,,
2006-04-01,,,,,,,,,,,,0,,,0,,,
2006-05-01,,,,,,,,,,,,0,,,0,,,
2006-06-01,,,,,,,,,,,,0,,,0,,,
2006-07-01,,,,,,,,,,,,0,,,0,,,
2006-08-01,,,,,,,,,,,,0,,,0,,,
2006-09-01,,,,,,,,,,,,0,,,0,,,
2006-10-01,,,,,,,,,,,,0,,,0,,,
2006-11-01,,,,,,,,,,,,0,,,0,,,
2006-12-01,,,,,,,,,,,,0,,,0,,,
2007-01-01,,,,,,,,,,,,0,,,0,,,
2007-02-01,,,,,,,,,,,,0,,,0,,,
2007-03-01,,,,,,,,,,,,0,,,0,,,
2007-04-01,,,,,,,,,,,,0,,,0,,,
2007-05-01,,,,,,,,,,,,0,,,0,,,
2007-06-01,,,,,,,,,,,,0,,,0,,,
2007-07-01,,,,,,,,,,,,0,,,0,,,
2007-08-01,,,,,,,,,,,,0,,,0,,,
2007-09-01,,,,,,,,,,,,0,,,0,,,
2007-10-01,,,,,,,,,,,,0,,,0,,,
2007-11-01,,,,,,,,,,,,0,,,0,,,
2007-12-01,,,,,,,,,,,,0,,,0,,,
2008-01-01,,,,,,,,,,,,0,,,0,,,
2008-02-01,,,,,,,,,,,,0,,,0,,,
2008-03-01,,,,,,,,,,,,0,,,0,,,
2008-04-01,,,,,,,,,,,,0,,,0,,,
2008-05-01,,,,,,,,,,,,0,,,0,,,
2008-06-01,,,,,,,,,,,,0,,,0,,,
2008-07-01,,,,,,,,,,,,0,,,0,,,
2008-08-01,,,,,,,,,,,,0,,,0,,,
2008-09-01,,,,,,,,,,,,0,,,0,,,
2008-10-01,,,,,,,,,,,,0,,,0,,,
2008-11-01,,,,,,,,,,,,0,,,0,,,
2008-12-01,,,,,,,,,,,,0,,,0,,,
2009-01-01,,,,,,,,,,,,0,,,0,,,
2009-02-01,,,,,,,,,,,,0,,,0,,,
2009-03-01,,,,,,,,,,,,0,,,0,,,
2009-04-01,,,,,,,,,,,,0,,,0,,,
2009-05-01,,,,,,,,,,,,0,,,0,,,
2009-06-01,,,,,,,,,,,,0,,,0,,,
2009-07-01,,,,,,,,,,,,0,,,0,,,
2009-08-01,,,,,,,,,,,,0,,,0,,,
2009-09-01,,,,,,,,,,,,0,,,0,,,
2009-10-01,,,,,,,,,,,,0,,,0,,,
2009-11-01,,,,,,,,,,,,0,,,0,,,
2009-12-01,,,,,,,,,,,,0,,,0,,,
2010-01-01,,,,,,,,,,,,0,,,0,,,
2010-02-01,,,,,,,,,,,,0,,,0,,,
2010-03-01,,,,,,,,,,,,0,,,0,,,
2010-04-01,,,,,,,,,,,,0,,,0,,,
2010-05-01,,,,,,,,,,,,0,,,0,,,
2010-06-01,,,,,,,,,,,,0,,,0,,,
2010-07-01,,,,,,,,,,,,0,,,0,,,
2010-08-01,,,,,,,,,,,,0,,,0,,,
2010-09-01,,,,,,,,,,,,0,,,0,,,
2010-10-01,,,,,,,,,,,,0,,,0,,,
2010-11-01,,,,,,,,,,,,0,,,0,,,
2010-12-01,,,,,,,,,,,,0,,,0,,,
2011-01-01,,,,,,,,,,,,0,,,0,,,
2011-02-01,,,,,,,,,,,,0,,,0,,,
2011-03-01,,,,,,,,,,,,0,,,0,,,
2011-04-01,,,,,,,,,,,,0,,,0,,,
2011-05-01,,,,,,,,,,,,0,,,0,,,
2011-06-01,,,,,,,,,,,,0,,,0,,,
2011-07-01,,,,,,,,,,,,0,,,0,,,
2011-08-01,,,,,,,,,,,,0,,,0,,,
2011-09-01,,,,,,,,,,,,0,,,0,,,
2011-10-01,,,,,,,,,,,,0,,,0,,,
2011-11-01,,,,,,,,,,,,0,,,0,,,
2011-12-01,,,,,,,,,,,,0,,,0,,,
2012-01-01,,,,,,,,,,,,0,,,0,,,
2012-02-01,,,,,,,,,,,,0,,,0,,,
2012-03-01,,,,,,,,,,,,0,,,0,,,
2012-04-01,,,,,,,,,,,,0,,,0,,,
2012-05-01,,,,,,,,,,,,0,,,0,,,
2012-06-01,,,,,,,,,,,,0,,,0,,,
2012-07-01,,,,,,,,,,,,0,,,0,,,
2012-08-01,,,,,,,,,,,,0,,,0,,,
2012-09-01,,,,,,,,,,,,0,,,0,,,
2012-10-01,,,,,,,,,,,,0,,,0,,,
2012-11-01,,,,,,,,,,,,0,,,0,,,
2012-12-01,,,,,,,,,,,,0,,,0,,,
2013-01-01,,,,,,,,,,,,0,,,0,,,
2013-02-01,,,,,,,,,,,,0,,,0,,,
2013-03-01,,,,,,,,,,,,0,,,0,,,
2013-04-01,,,,,,,,,,,,0,,,0,,,
2013-05-01,,,,,,,,,,,,0,,,0,,,
2013-06-01,,,,,,,,,,,,0,,,0,,,
2013-07-01,,,,,,,,,,,,0,,,0,,,
2013-08-01,,,,,,,,,,,,0,,,0,,,
2013-09-01,,,,,,,,,,,,0,,,0,,,
2013-10-01,,,,,,,,,,,,0,,,0,,,
2013-11-01,,,,,,,,,,,,0,,,0,,,
2013-12-01,,,,,,,,,,,,0,,,0,,,
2014-01-01,,,,,,,,,,,,0,,,0,,,
2014-02-01,,,,,,,,,,,,0,,,0,,,
2014-03-01,,,,,,,,,,,,0,,,0,,,
2014-04-01,,,,,,,,,,,,0,,,0,,,
2014-05-01,,,,,,,,,,,,0,,,0,,,
2014-06-01,1.0,0.1208029571732974,0.040630378780255966,-0.049025586670527144,-0.13128086931001584,-0.13291398047979164,-0.3354106792820489,-0.4067933836196358,0.0025500429165117066,0.051801556006902866,-0.08946171970910491,19,0.0012733280946091525,0.0007889691447678857,19,0.0032212720776574263,0.010214808620000813,-0.01715414430264806
2014-07-01,1.0,0.31366736336726003,0.03321211815171159,8.684884474527592e-05,0.19617083603611257,-0.047492651573021016,0.15855588623980532,-0.16905331860987655,-0.3213602261224353,-0.4241806643900248,-0.03215418215770457,23,0.0010400006526980622,0.0007272855203957256,23,0.002838098353682153,0.007858314591166302,0.15547289908436698
2014-08-01,0.9999999999999999,-0.05913177464513581,-0.2003537874301563,0.008282983130672402,0.2399201405775697,0.16960971164446675,-0.39608091792907746,-0.14671410098167573,-0.0379761589458482,0.17117765335934237,0.209136658662777,21,0.001959662996701365,0.0014113884450891081,21,0.003476674499018933,0.009372879629209992,-0.12632965275093364
2014-09-01,1.0,-0.19196567266644785,-0.26275188613063,0.2909928573849728,-0.2445123761564723,-0.25788197111385364,0.046450634687440685,-0.12332959814862085,0.0055320167269860745,-0.16756795941085104,-0.27539885821325716,21,0.003474353919970833,0.0014261943769513562,21,0.008464177462279019,0.011149181318610165,-0.123151785410414
2014-10-01,1.0,0.23183922896351292,-0.03951060006840643,-0.5251448508390499,-0.17782553716087526,-0.032324527775719515,0.06272394662647639,-0.30476495724745833,-0.3893436879495295,0.03204379622776109,-0.07225475652811797,18,0.003991855962719327,0.0012143617258747572,18,0.0013029512112592142,0.012885270212428614,0.30117877889547223
2014-11-01,0.9999999999999999,-0.46047999306240245,0.30930214668550426,-0.03787242220038036,-0.0792943909353271,0.14797367861463637,-0.205354014779236,0.10404259727509615,-0.09003258404004441,-0.11777515930194872,-0.3273848558323341,20,0.0034481452762842404,0.0014471755857061353,20,0.0023387718664463846,0.012986759648975138,-0.4068890386136669
2014-12-01,0.9999999999999999,0.35852672844327077,-0.24474841890812535,-0.22663141586715466,-0.08123448194449077,0.03946551590854729,0.013074277293872276,-0.09343977401378643,0.27270184084847,0.6886058611117241,0.22489480729364433,23,0.001535455697405248,0.0035815197392288943,23,-0.0057078038742884255,0.022116210836722314,-0.3295834587256062
2015-01-01,1.0,-0.13905126948862037,0.06331073005671298,-0.16244356267913584,-0.22774223436035962,0.20501744431429797,0.000912428741805682,0.15345445761820095,-0.18418764941761953,-0.3321642619733058,0.14259035274452533,20,0.002258259253429705,0.001470865132315275,20,0.004463141186035505,0.013377069138601141,-0.3063441255217017
2015-02-01,0.9999999999999998,0.6256221776312003,0.1301059763979657,-0.1593423465336013,-0.3387517632832754,-0.16975291239521278,-0.18618174045144897,-0.2856435794932681,-0.3221938514962635,-0.18144460751582148,-0.21622100307429135,15,0.0017607335194082955,0.001026571426638852,15,0.005562729041605289,0.009561288947762765,0.47894432069932685
2015-03-01,0.9999999999999998,0.26453298417037374,0.13280890327071224,0.07531002078688856,0.09767623722889723,0.18688013650606125,-0.10473033805486857,-0.14174346855998118,-0.28711834062917835,-0.1516115745006105,0.16296374644764447,22,0.003806707793714781,0.0020115361674691756,22,0.0107464258180101,0.011619610171465282,-0.12685203344949977
2015-04-01,1.0,0.012223540708937733,-0.3040412797629925,-0.0408392279690447,-0.13028822043303417,-0.25048436841864896,0.08062509579949269,0.12056969060701626,-0.018749674111991542,0.0380255361901129,-0.22156864283920752,21,0.005230504748397572,0.004498720840108566,21,0.008671368647560315,0.019976873142351886,-0.04140838292496413
2015-05-01,1.0,0.24767505813072566,0.1214630009542178,0.10346066974080821,0.21104637546537197,0.030634385572903034,0.38696522017475166,-0.08308442164676177,-0.07844880516338096,-0.050109239865367784,-0.06685484692270886,20,0.008301352893503162,0.005410930897368933,20,0.01510820338290329,0.023443177487742526,0.15267946675092287
2015-06-01,1.0,0.4099229754727916,-0.05599555906719387,0.13224488216949362,0.3095955331012034,0.3329731996931723,0.17599937159464638,0.21343432228946477,0.5726947672781985,0.15776108540936598,-0.23439310564482682,21,0.004738294824114313,0.010968970231257983,21,-0.006625023497277257,0.03843016958165579,0.36232990051456715
2015-07-01,1.0,0.09364465423848416,-0.029142390801562466,0.0506262945872696,0.07183568235325169,-0.028805605761603775,-0.10478245197488692,0.09480793371475366,0.17148976594423096,-0.25013932536620614,-0.37174993637302567,23,0.0010783885607371952,0.019005360659943165,23,-0.008901707551993284,0.04247113835024345,0.4144589504648492
2015-08-01,1.0,0.017098131881741998,0.21576558247249908,-0.24329722974079113,0.2821788345338023,-0.08035109622778927,-0.2804118950043297,-0.08142860030717262,-0.07903847917964675,-0.11158421381328695,-0.4340928381215552,21,-0.00012259160223294268,0.017181412139939265,21,-0.005790564264066588,0.04171996335467615,0.1284787796139853
2015-09-01,1.0,-0.15985097356884098,-0.20497929046105157,-0.10980835772441812,-0.26433870624497946,0.16407218480966831,0.4565545898901515,0.02292865181905384,0.060513143453079864,-0.18924410078480644,-0.39168720052450345,20,-0.0029968480346791353,0.014426250941772105,20,-0.00322294962171238,0.03434427162019375,0.10158215665333652
2015-10-01,1.0,-0.33277455662388084,-0.026074827687309822,0.15990935951344287,-0.4605555696804385,0.5064588410017736,-0.2141348711384381,-0.3859654540697864,0.34936059346339415,-0.352605514739507,0.08764652824146692,17,0.0007438210865544234,0.008993461739102896,17,0.010490109409959947,0.024725538417166362,-0.1659258974301296
2015-11-01,0.9999999999999999,-0.1650827157877463,-0.28682191904964016,0.31550274295593655,-0.02364545770478006,-0.49138838959579995,-0.02073029715513304,-0.15951478460664162,0.2631909579974826,0.12785743118401813,-0.29003255054688803,21,-0.0012034286968603519,0.006642404977043825,21,0.005843825842192553,0.022993800653361506,-0.05243634633510022
2015-12-01,0.9999999999999999,-0.5572601110626892,0.18965034963948474,0.30072651426576325,-0.5286386039919695,0.00455478227092197,-0.14006019947891216,0.23304339636836338,-0.06093688028710533,-0.06959939898145935,0.40085159718378094,23,0.0019193298415126593,0.0028395413524533743,23,0.003321513450160133,0.015212850374813033,0.038157922570707374
2016-01-01,1.0,-0.03295787576253671,0.3131190774237531,0.08046201597010577,-0.19971055727754664,0.14420480177826736,-0.3462840479470126,0.22724522834879374,-0.30050795365607186,-0.3109180887419104,-0.10850170153529239,20,-0.0027798157472967255,0.006257578442287661,20,-0.01697855082990029,0.04221993091757855,-0.29511587520326943
2016-02-01,1.0,-0.4122291047750347,0.38279357586823465,-0.2573399215299524,0.2623308796293914,-0.088190343821383,-0.02809418690998926,-0.285535379185625,-0.11485778634699235,0.38543271531425893,-0.4635095969056274,16,0.0004937084284083,0.0032587687977737147,16,-0.0010773949103321384,0.03117437041545244,0.16607534109272043
2016-03-01,1.0,-0.5897273004576142,0.4593373063505148,-0.3159735522930667,0.364074279277329,-0.2334725671399167,0.1560994477654934,-0.09344622696209454,0.1679942865120627,-0.1321146954085495,-0.012112679526953428,23,-0.0002302015497472087,0.003375013020786857,23,0.00738931320414704,0.02209477581366448,-0.2425701211181438
2016-04-01,0.9999999999999999,-0.5555658906639753,0.2314764990810675,0.05068316420676118,0.016897598209080284,-0.22537033095128148,0.2102539075368942,0.07699148709314388,-0.2300788932233407,0.29186311734508846,-0.14913954353519265,20,-0.0008058750653420549,0.001563477211645741,20,0.00043613728328786535,0.015160349619439325,-0.13116799363561138
2016-05-01,1.0,-0.1525577641378078,0.40495188526603465,-0.057552286332293506,0.23372894594256363,0.1601230083991795,-0.12346667735325977,0.27238013095846014,-0.2302396799077241,0.1978560635026532,-0.2731595140886674,21,-0.0019498967843712858,0.0018336973933932882,21,-0.0016434200040051153,0.020282878660772302,-0.3103198266133866
2016-06-01,1.0,0.05841921108945047,0.6367630946236069,0.28878920072041414,0.5370864720247097,0.17111630441323855,0.5565796238870779,0.10869460894378444,0.548547105159684,0.11293555225028032,0.23981961517493192,20,0.00021650300735353697,0.0019036386512013633,20,0.003304185206437335,0.016767485766330876,-0.15621669511974967
2016-07-01,0.9999999999999999,-0.5621186484111186,-0.2724477594344786,0.6478078573817423,-0.24904365402445547,-0.017648975611500223,-0.11482052533417779,0.12080074861322482,0.04089053598914901,-0.14655646961986132,-0.15334963511680208,21,0.0013622500233940616,0.0029016256318688664,21,-0.0011461456381973477,0.013023433766041259,-0.052195133371338895
2016-08-01,1.0,-0.5884783205628508,0.5443436404615118,-0.07022982694171719,-0.18516792321127282,0.2543196235198962,-0.38456045780328885,0.34839837821007413,-0.1782146970926513,-0.09599956734031002,0.05737192481100404,23,0.0010331613372097257,0.0016214647353984082,23,0.002231399947395926,0.008765448999843549,0.5216823449383102
2016-09-01,1.0,-0.7026495617259556,0.4418350212458915,-0.2933311432605897,0.07006748453986683,-0.17775482085857805,0.24976197363808217,-0.29352413721405207,0.32949046375241436,-0.1345264115680139,0.03096196540143408,20,0.00034720066161203,0.0025907104668678035,20,0.00018260810923197962,0.010782977495256923,-0.11420888284806797
2016-10-01,0.9999999999999999,-0.6304448279150917,0.4189757400434007,-0.18381361485373393,0.27132567799276397,-0.021697523923590797,0.1119018236464524,0.058261571051995906,0.07015225340123515,-0.3754094356837873,0.4731147985879998,16,0.0016676195814210376,0.000929443450638008,16,0.0030347686036670037,0.008472968555138865,-0.27373879047376404
2016-11-01,1.0,-0.06516432793918074,0.17651157837414866,0.2323439918179067,0.10846687340102326,0.27345235306262544,-0.16689898817490711,0.09319685101282361,-0.31735946320280833,0.20746350912746833,-0.1465533795791435,22,0.0015627579770480092,0.0002400723112547037,22,0.0013763671613349496,0.007275826618765954,0.16257245272836604
2016-12-01,1.0,0.6141467150536605,0.39977030624297333,0.32781999951351226,0.23803525629363137,0.1621395000248055,0.177517769974241,0.29858057424985657,0.1309837120058137,-0.05485166642021032,-0.009798832331679866,22,0.0006756039874242629,0.0005101734172311068,22,-0.0019337577015032979,0.014638301485140724,-0.2504705261236504
2017-01-01,1.0,0.06451163721696956,0.1315728238072988,0.12159237480918152,-0.05366215677508861,-0.0841184520765144,0.005461756411333394,-0.029553403324812984,-0.31003236752913027,-0.24883552094645162,-0.3104146665564835,18,0.00022687733638984762,0.001574215254444239,18,-0.0022075563284626497,0.01473223186366008,-0.23182380754026274
2017-02-01,1.0,0.1471853646634248,0.2605912234424772,-0.10851310869921364,-0.531440423349932,-0.26495519684416313,-0.01346127134388011,-0.12285041217053791,0.10763720845336583,0.24271025853793735,-0.18322428496254428,18,0.0004445487955258095,0.0004420092796880783,18,0.0020343839686607448,0.00670740319062447,-0.26072410145695807
2017-03-01,1.0,0.7051530453784639,0.4569409881361713,0.4709835826719479,0.43907793901227204,0.5249492898288417,0.3489078605028065,0.1746887462972973,0.15958557957919733,0.2097668441350933,-0.1411787071695291,23,-6.192144273403471e-05,0.0007105059388215182,23,-0.0011890854586508784,0.0075170524358149455,0.2181441080083468
2017-04-01,0.9999999999999999,0.4144605740769192,0.2074145600657921,0.16594146294441822,0.34726553667530907,0.41390307343718497,0.18847113528815812,0.0014323395284524816,0.012542981506197547,0.024283453129746658,0.3822210657458573,18,-0.0018591849506445113,0.0017494650858006053,18,-0.004795654359400899,0.012481504713529122,0.05577027108621664
2017-05-01,1.0,0.4288366802834686,-0.047428737995030834,-0.2099143075135241,-0.636905879342697,-0.6422461600218946,-0.2919512104566492,-0.06518484424866659,0.2329326743327049,0.3345456239827639,0.2559848447572183,20,-0.002253096997300235,0.0028094140349158372,20,-0.004378906774317079,0.012076558782805984,0.16730617105300474
2017-06-01,0.9999999999999998,-0.032817832779841266,-0.08591270003116576,-0.26822745191752023,-0.026403142030545376,0.3259277083636219,0.1512710846432927,0.1303911977211593,0.097825890675897,-0.36873442925342764,-0.4702828201897156,22,-0.0013743019284525226,0.0023235651240164534,22,0.0009794647427520747,0.01233363089896735,-0.21569627821732715
2017-07-01,0.9999999999999998,0.02201292490996121,-0.056677056555278126,-0.004530361336424564,0.20699349887195514,0.01850887174282118,-0.0822402545531798,-0.060067755769835834,-0.19839584698668533,0.011648262776417251,-0.25368578247371465,21,-0.002031674646217168,0.002527599184124801,21,-0.0008829961701072098,0.01516871552233125,-0.07340989475023793
2017-08-01,1.0,-0.07863911036073766,0.04372057606643012,-0.08334073894975524,-0.378537157439236,0.2861930994896976,-0.20521186939840022,0.34715222251707467,0.05623087038008223,0.06835521039407576,-0.12021946806711828,23,-0.0016953454671259436,0.000783688265530086,23,0.0014284175028566929,0.007480033110313302,-0.07638981696096843
2017-09-01,1.0,0.27543483602103636,0.5799227594701368,0.2764363033283489,0.2155060086697451,0.3204233689745575,0.2839522600837042,0.10866146031576555,0.2487482631141337,0.17998075866635696,0.3807817060256954,21,-0.0005290575486187198,0.00040232214101622906,21,0.0008675482382679284,0.006173593184448584,-0.07536676338382303
2017-10-01,0.9999999999999999,0.12489682712160603,0.050735860841399014,0.3271970637312298,0.5193201699570816,0.2227667829794009,0.3554637858117814,0.03827491041996338,0.5020953041866175,0.2949500447015279,-0.10817932269287342,17,0.0005081272215516084,0.0009149371704369825,17,-0.001590371994597165,0.011178053316265419,0.11614462501611826
2017-11-01,0.9999999999999998,0.6166188720275311,0.5740469188151963,0.6256854609166786,0.7446220394737254,0.6116759313436273,0.687706548556333,0.5923530865505803,0.31749342358927296,0.38483959659372424,0.5111106061800762,22,-0.0001817991659773396,0.0006221787690348696,22,-0.0035691476118281276,0.011012963574057047,-0.1597141835454213
2017-12-01,0.9999999999999998,0.08653905341477856,0.24270283669949974,0.48780622578186517,-0.07484362493649761,0.12869624078169611,-0.02485848955253731,-0.21952544793160267,-0.39030662946713274,-0.16408926106833652,-0.3041725456104778,21,-0.0006840135838067191,0.0003005302756492977,21,-0.0009480344565443713,0.00984517804557223,-0.23669050076815518
2018-01-01,0.9999999999999999,-0.10897966782295036,0.3306646910532791,0.09477653628144811,0.1432940767664572,-0.006698693671063708,0.04735370416643601,-0.013429487361796985,0.1858781661853295,-0.243246824982569,0.0742811065516262,22,-0.0009010568378651549,0.0003599823606882182,22,-0.0021272189550055635,0.008944205968969107,0.21111661983274121
2018-02-01,1.0,-0.26042764561193743,-0.06874651286071153,-0.0006486438750197287,-0.056629903234184945,-0.027423878745255918,-0.03180448204899398,-0.034237810508558036,-0.038716453029694266,-0.03620628213547908,-0.033300246565780824,15,0.0006360990410770393,0.015365447728784508,15,-0.0034840111047012515,0.021540302026455262,-0.6219573320580415
2018-03-01,0.9999999999999998,0.12259386942151437,-0.12954052042706232,0.00019287917529807005,-0.18337642417235572,-0.08891042614813616,0.013481203983797192,0.048937585081601225,-0.30072632994688886,-0.13752444854742296,0.18573911311216393,22,-0.0016547574501290367,0.0009718949959793474,22,0.002168921779709691,0.015702631126952266,-0.3069423231502693
2018-04-01,1.0,0.078455672422313,-0.25354729600816356,0.133533623167959,0.06114378289082531,-0.342813826439767,-0.2328853987059841,0.21351332937499443,0.032094541345798464,0.022637636524579084,-0.0025685986638696104,18,-0.0013269635587962055,0.0004529573826378933,18,-0.0024795017878418177,0.011460845872645878,-0.20645650393126352
2018-05-01,0.9999999999999999,-0.02184130071517281,0.3193247536259035,-0.18326784008301386,-0.1266227042948214,0.04155809757623846,-0.20627029290949514,-0.06856516426580761,-0.07584074118511065,0.00863848742070444,0.0036999738575206756,22,-0.0010900539804251169,0.0012782001782595082,22,-0.0002234319761152544,0.012758096228310565,-0.3088488398010135
2018-06-01,1.0,0.05253170359073416,0.04507953154202715,0.0016751128990532735,-0.03993679376522351,-0.016363362030546346,-0.008135701459286888,0.02120991250104001,0.012979880209352226,0.007157246990573913,0.06920063614304171,20,-0.002410717165559905,0.0029481195379595982,20,-0.005666747752098665,0.02155547776652554,-0.15383599731275507
2018-07-01,1.0,0.2542056389233933,-0.18809833420804203,0.03348999663723538,0.15085524196948366,-0.014893272951550606,0.1398913345791384,0.21266047462851428,0.22347738761009472,0.2736009667967569,0.3206212409583058,22,-0.0011704660948468999,0.0006901907536039759,22,-0.00045763696520872277,0.014378642029004077,-0.0995827770337416
2018-08-01,1.0,-0.23505121563064904,0.42755819183270216,0.01976186457293562,-0.05357102720554849,0.3442100241778964,-0.4131149445763458,0.33670320434841045,-0.16339545318204574,0.041735044871937306,0.218579840521693,23,-0.0022538836374522654,0.001002756429036052,23,-0.0035636826006320483,0.014199947543541116,-0.0053116833992988555
2018-09-01,1.0,-0.39911750169346255,-0.10129158360711792,0.009817983386708168,-0.1451715427799054,0.25741039935508,-0.2275179623652858,-0.07212708173655792,0.42629855977796277,-0.5134273283204026,0.19099107532408738,19,-0.0024078610483843736,0.0008489949146520845,19,-0.0006549327747745475,0.01090478114492045,0.09829950500629432
2018-10-01,1.0,-0.11341326819620058,-0.002592176856234666,0.2987605315043548,-0.2015117644605401,0.2503593309219132,-0.14877751681048887,-0.2455526891952562,0.09310479354070987,-0.032907728805909836,0.014676782408599922,18,-0.0032358647663743886,0.0033872913092453404,18,-0.00530316469963449,0.025782407272198975,-0.05935906864745721
2018-11-01,0.9999999999999999,0.7733944250790576,0.6246859185550911,0.6206473731977732,0.5112073459391319,0.5539859690349846,0.5286968855316589,0.6090664284693351,0.5254351089576209,0.4213714410455233,0.4085807599038682,22,-0.0020615822498309044,0.0015430541823783306,22,0.0023201672874897357,0.017036824468792268,-0.3332504467504478
2018-12-01,1.0,-0.3569572138579364,0.3824187668194523,-0.21397373122748006,-0.05335069849215521,-0.4433788613416719,-0.027792177269752805,0.05825824095192251,0.12593786145852132,0.22418021608797734,-0.020226084718377516,20,-0.00142690146205583,0.00044973648060683667,20,-0.0021245344681570756,0.012691837370546305,-0.25563611691091775
2019-01-01,1.0,0.2692552691843977,0.33847093579856385,0.4348418008267855,0.196862965613788,0.4706410111423689,0.1850007523181635,0.5653972795988451,0.24693108057043497,0.2649018462821264,0.29527962760944965,22,-0.000954567273610277,0.0004697801783753373,22,-0.0014371714792654723,0.011874887138889973,-0.42436939594897227
2019-02-01,0.9999999999999999,0.029753552221131643,0.08955897972704605,0.09888257286645541,0.1149666101678403,0.555421745188708,-0.08534428449804278,-0.028963975700563065,0.08480660884255009,0.36268457680234284,-0.0008289441351557735,15,0.0010324470044313103,0.0025873558331510316,15,0.013284399139240134,0.014701333003818417,-0.3837506557530443
2019-03-01,0.9999999999999998,-0.3243941104867146,0.4799684581826942,-0.264156988762022,-0.1210630222760744,-0.07958637301070078,-0.15072854319297546,0.041266864113440396,0.14098717339021566,-0.3037271403260799,0.2454493524687877,21,0.0015683961434602527,0.0037159113638352186,21,0.005133207122129134,0.02165337793709048,-0.1489646823430485
2019-04-01,1.0,-0.3448561382688827,0.5215484699504808,0.05493757946932728,-0.044302496570290374,0.2518952598359776,0.1371396056220205,-0.20430004384861494,0.39873973723197914,-0.20973232566582464,0.31213195057360477,21,0.0021908620035259426,0.0025581701309568606,21,-0.0024073207730404174,0.018320643399515325,0.015481755651700343
2019-05-01,1.0,0.48137614442919446,0.5373941915903631,0.09333389637280666,0.027367804303998756,-0.20301930227751244,-0.23896896723523617,-0.14035382558422274,-0.2859494734097694,-0.17489959481870362,-0.22091492461632434,20,-0.00042777852327376505,0.0037182094792302146,20,-0.0021676127028727255,0.024546617290818997,-0.31320982612630843
2019-06-01,1.0,-0.010179403793885945,0.07304158459015375,-0.040056417467526424,-0.28505882847365394,-0.07744655996169593,-0.22006150789276593,0.2142624050331507,-0.055451889896165285,0.014677816497374466,0.1850766430663338,19,0.0013450447177154631,0.0005465256689350363,19,-0.00020187823870482582,0.01567863993907889,-0.30084328661075666
2019-07-01,1.0,0.459776780718283,0.4326116107779706,0.44320666273053444,0.48728762516341,0.4908838063848301,0.4821036614212965,0.4316725467746568,0.4261009476224781,0.09136415302983236,-0.09716258310486203,23,0.0007926515041127522,0.0012265057919245315,23,-0.0010543905036717654,0.01445756447698402,-0.06125557934514594
2019-08-01,1.0,-0.08018285518108706,0.3889387945019444,0.19376375443897617,0.11094051036096395,0.33549773598746924,0.03148661880465788,0.27667223320389633,-0.043115989266076286,0.3708246685045656,0.0045107290196816745,22,-0.0017787900306211316,0.001186255006346904,22,-0.0005618725474672595,0.013355319111159789,-0.1716114352934381
2019-09-01,1.0,-0.03268277340527555,0.28832671887001515,0.08536177565335142,0.32314192581330775,0.05867428625716456,0.10348156209636165,0.1373287837966341,0.07042518150480528,0.07961431759831418,-0.019662933103615388,20,-0.0011408981291785518,0.0016464967031878997,20,0.0007960930942299708,0.014780869182602274,-0.40909112577938944
2019-10-01,1.0,0.3826193266380666,0.10523996101626912,0.05338933614941474,-0.1980971511821207,-0.18171842787450834,0.061682038881421826,-0.06570150926653198,0.13809447156097157,0.44013856279980856,0.18166710085322665,18,6.693008088664171e-06,0.0003731336053725568,18,-0.00020572936473274957,0.011437997417249183,-0.5866108440899098
2019-11-01,1.0,0.40812607682117336,0.08817070074120144,0.1807136498888946,0.1895458577176278,-0.0025201604051251205,-0.0371319025787288,0.20000887055910446,0.22336293229756465,0.3355394753865624,-0.023148455408736966,21,-0.0001497798342498006,0.0007580974233059468,21,-0.0015829089869757332,0.009346659486781934,0.07892075872293632
2019-12-01,1.0,0.30552341790306303,-0.008274499750854774,-0.1417104546270782,-0.07610546239073732,-0.038233766557574066,0.2980305707637874,0.35965258755607415,0.22578950243859752,0.20414344857609842,0.14399766316155035,22,3.238394723539164e-05,0.0008013904664832097,22,0.0035664166475522317,0.009086993795424622,-0.2618815403504402
2020-01-01,1.0,-0.04348848093434321,0.25342642584596065,0.031701047274439585,-0.09145881074350685,0.004066137478960814,0.06535923101336612,-0.006185673576020044,-0.39637907536174466,-0.16055795672839293,-0.23752817743009677,16,0.001248084255400375,0.0004940297961701472,16,0.0010629375864206689,0.013544915631097562,-0.11762833562704098
2020-02-01,1.0,0.02166494336221472,-0.08397514073443058,-0.11837917806363552,-0.03398731827796503,-0.06143226178900833,0.11645222835178425,-0.21049144013408946,0.20802540337188422,-0.053575027249588895,-0.2537026682761041,20,0.00044480391451841484,0.006717734714492392,20,0.0008018870660319602,0.030348155303324433,0.07798472231521786
2020-03-01,1.0,-0.34269657254054914,0.18748408451200163,-0.0328570224350816,-0.4498373335668856,0.0031456852830635575,-0.09562439290029832,-0.013172506893534696,0.005962755619265114,-0.2481300313786358,0.1419311231526539,22,-0.0003690328890433834,0.004009746162589079,22,-0.0020670620487289637,0.021455055898914784,-0.38673313782856045
2020-04-01,0.9999999999999999,-0.07023703025596785,0.3112468757712216,-0.3321880091300041,-0.010479449804044699,-0.3863229947225905,-0.07920954069769637,0.09043438010075004,-0.26839933316222275,0.3222192597529408,-0.19352558482836854,21,0.0007009366205478777,0.0013648213729471497,21,0.00076333415687071,0.015993363870322973,-0.1479878214526752
2020-05-01,0.9999999999999998,0.21614980482177748,-0.18982235943690268,-0.21401247373937435,-0.09338061146321706,-0.030182666424740365,0.008691547407190879,-0.024171663002188128,-0.12730136155647404,0.1959446862876749,-0.14145824448634636,18,0.0007263628803707452,0.0012243496547165726,18,0.0011878665941224113,0.010613782325568293,0.1117932986302837
2020-06-01,1.0,0.18550083356705593,-0.20182365273596298,-0.03160892100155432,0.2694012183579029,-0.19001037171598267,-0.44213687961478815,-0.36016376011150597,-0.2611650063605122,0.1041224855556866,0.02709136774180742,20,0.0005825359246945644,0.0008380320824443889,20,0.0033379018197819193,0.008438559133558367,0.15076675618101654
2020-07-01,1.0,0.16820239168898576,0.03747269637981244,-0.24594378092149138,0.02855602727031882,-0.05264087262665496,0.19342371687262622,-0.10477494832178169,-0.25636691844764437,-0.5828645672102556,-0.28945098979166173,23,0.0014482245449206218,0.0017243308145114065,23,0.005651005583595656,0.021843809218496532,-0.006956709408982202
2020-08-01,1.0,-0.18047479292787336,-0.25132731749829657,0.14844594027401423,-0.1586357098435462,0.057821528688997426,-0.36638969356059115,-0.07999577438320277,0.0908730474614355,0.09938422213612828,0.2389615089285805,21,0.002037906712638786,0.0020596970086383263,21,0.00157195644303279,0.013653396003293095,-0.08416349895411894
2020-09-01,1.0,-0.3283191799813994,0.1708798164085268,-0.17594598935283803,0.20854096338590827,-0.022927617356593977,-0.14583721940730512,-0.14661920355158523,0.09616647529265353,-0.3201036214567083,0.18637173964838655,22,0.0013440834148334363,0.0038377152120656925,22,-0.003527386330452458,0.017132103820601104,-0.04986136296456305
2020-10-01,1.0,-0.18570196698115687,0.34806204771705906,-0.5574210707884949,0.190577073306597,-0.29826388408929155,0.00813294765499824,0.09230001711622123,-0.36121794594376505,0.2125285551232629,-0.2517276065236725,16,0.002000015229258614,0.00271305971725425,16,0.0005310142393178444,0.01612467000261472,0.17122478977698558
2020-11-01,1.0,-0.4135476532102796,0.052017589095177154,-0.03798318663788273,-0.3213804460302718,0.4311150582131267,-0.4329448057640626,0.24095957691783243,-0.0388003242399497,-0.0699688471227193,0.1739369230391923,21,0.000918247527669181,0.002504575399667925,21,0.00010587753561289676,0.010524161334694755,-0.3045686033945917
2020-12-01,1.0,0.48381922313896075,0.31372750902635826,0.2424726740302266,0.014451084485189551,-0.2717957791020004,-0.250696948695748,-0.3789516159765596,-0.5015469220898079,-0.14954282636310945,-0.234948633311474,23,0.0009380688873390011,0.0021386737072783485,23,-0.001943240426372872,0.010565271561099978,0.09139225598578374
2021-01-01,1.0,0.010689223075859419,-0.06056500635823547,-0.07252531047493596,-0.019861699558604146,0.053365169658984926,-0.04614942024912378,-0.019089208324131034,0.010358688143130786,0.019506018255219408,-0.052536469666443764,20,-0.00105794862447984,0.001939510538522249,20,-0.00469456337340292,0.014148286712849076,0.12377374270014954
2021-02-01,0.9999999999999998,0.3179134350898761,-0.143447779870979,0.016395757731227766,0.07347895599817778,0.26957708393281127,-0.4489254512594054,-0.6550773279809373,-0.15550828821830992,0.014045268801506392,-0.2784081209111852,15,-0.001475882362281807,0.002248975493088288,15,0.0021469709724965336,0.01461735290039632,0.025778862752850604
2021-03-01,1.0,-0.04398166366671211,-0.03264876151408583,-0.08807454480801757,-0.09010254850470373,0.20778834901034735,0.24226310675346882,-0.14768562064852545,-0.10836890381662322,-0.08486267817449793,0.0554005142133461,23,-0.0006747139398041349,0.0013837985397542527,23,0.0006818254601522435,0.012562259979144135,-0.387734696083034
2021-04-01,0.9999999999999999,0.28599255307636284,0.03772375616810491,-0.06306479314927751,-0.5238272240764709,-0.37280692601237986,-0.006992260746139176,-0.08694361098660942,0.05452179994735977,0.0868759501626699,0.06197052188464538,21,-0.0006676368693287413,0.001468489647038718,21,0.0001914390448168674,0.008280512262764796,0.07484645975291389
2021-05-01,1.0,0.019870018585993243,0.4784290625503413,0.07002531665660093,0.17431477728262587,-0.02699741955337627,0.14265614558270046,0.10156270051067204,-0.052319939078147824,0.24311992691881987,-0.18166270863832135,18,0.00017445580921915735,0.0012621070575867654,18,0.0034912433899600224,0.006866826275478602,-0.42591052699659243
2021-06-01,0.9999999999999999,0.19061657237973942,-0.1301534043791101,-0.1886995276610594,-0.2145139161232386,-0.17407628695122576,-0.12570272976433927,0.1608880457844972,-0.0541320308510671,0.03637352086677655,-0.37764024671812735,21,0.0009241086977116999,0.0017368974590672055,21,0.0015839405763729097,0.007645963967472217,0.12736789385652797
2021-07-01,1.0,0.11613293071145364,0.012898253451328168,0.0007394125732103787,-0.19884706658009435,0.3363564759805303,-0.07173576781279732,-0.12746910331966183,-0.15280751310541882,-0.07376806463384829,-0.0950399371365625,22,0.0013763639016695273,0.0016092516040652407,22,0.001491403786305646,0.014736311272544449,-0.26122478437237173
2021-08-01,1.0,0.4244042834182986,-0.06082006297118878,-0.31683141183217844,-0.10374658070772484,-0.0441169723829014,-0.17872803659493444,-0.1587832267918395,-0.2420796785330353,-0.19007998423999123,-0.06075038858481073,22,0.0015812398483202544,0.0012888830883065524,22,0.002822320933763664,0.011743609315414308,0.029480421228165164
2021-09-01,1.0,-0.07051655940286457,-0.16549021863239663,0.019764412180592307,-0.13488997625322807,-0.27726857616890876,-0.19128486684648105,-0.17533312489863262,0.15821761566232967,0.2873914656479148,0.07328682983433843,20,0.0018885123483870845,0.00042606655377150544,20,-0.0018389168662267656,0.017250332660683893,-0.30280956622475474
2021-10-01,1.0,-0.1919019438132562,0.17394516967409682,0.4953650244339845,-0.3189941753693348,-0.07950265514867969,0.16392026652249894,0.12509906799845338,0.003159767696542597,0.2404557604907406,0.19625004143154365,16,0.00115404719645445,0.0002444151544982634,16,-0.0011827637874268064,0.01237038455893604,-0.3909489798927332
2021-11-01,0.9999999999999998,0.12194654527157377,0.24313453446011235,-0.10801403723067904,-0.219124660388351,-0.20992707248818482,-0.149974467134389,0.04961540478757073,0.11015818745587823,0.0728472866665937,-0.003333647346539309,22,0.0010470144933614227,0.0005163123119685747,22,0.0055035457722694475,0.008924544586617903,-0.15935483181452825
2021-12-01,1.0,0.35168144703386,-0.15200447940456102,-0.12091989409942779,-0.013651587561195104,0.09339865434040298,-0.11176038134312043,-0.32247205315580885,-0.40924895574249287,-0.31812353401092136,-0.019865315854923293,23,0.0012956680926403394,0.0005235990030368041,23,0.0006899878076409649,0.010663166538136927,-0.31525793575381794
2022-01-01,0.9999999999999998,-0.5067259098575756,0.3634490038503398,-0.005436557483276262,-0.2750557071903533,0.41005929859837464,-0.6124772337372272,0.4981283814940978,-0.14506728623788603,0.09851694482513565,0.3036799900565295,19,0.0017084256497563418,0.002072482287954162,19,-0.005797025072125791,0.018433402549309797,0.4789084212252436
2022-02-01,1.0,-0.6405583816811515,0.3211372534538388,-0.46370983843322755,-0.1511283018969162,-0.03848493418888955,-0.23287862810179738,-0.033138100299855706,-0.09063833995513074,-0.009887356319286281,0.14357627916580828,16,-0.0007584832513683623,0.002320621679915848,16,0.0032878651617041996,0.013675061242827434,0.10433274705450576
2022-03-01,1.0,0.18289953058206251,0.027434512586970227,-0.11358929594531424,0.17416981590863442,-0.08433655403465486,-0.09626900184987848,-0.27236981848765696,-0.1027450338831152,-0.22283477479598265,-0.08381377697612627,23,0.00023117281964936956,0.001791565013215008,23,-0.0022424597967937955,0.01831762886990968,-0.5839521934979413
2022-04-01,1.0,-0.38631143733003004,0.33878781816081655,-0.3034452807506842,0.2781465855651732,-0.3563517539897776,0.7671297692519684,-0.4973407812357496,0.5632957770597349,-0.3644974507634824,0.2852309658211103,19,-0.0008517384989197935,0.004106509931073086,19,-0.010652937553692956,0.02853195518710404,-0.2279709723430114
2022-05-01,1.0,0.20669177746808737,0.15414684177282992,0.7357629943229246,-0.3440982396627127,0.031143876878046536,-0.11233521390058611,-0.24563049370870355,-0.14250761434575665,-0.062261830473046884,-0.2637100221232283,19,-0.0022567534649491163,0.00151049676780727,19,0.00585114413195109,0.01441182723174226,-0.5204050334554142
2022-06-01,1.0,0.23586740854438437,-0.1088589564675391,-0.031005774909355712,0.24622247127526614,0.4764369688083107,0.20504290955048307,-0.13766275456294214,-0.04529617436153895,0.4392709794614199,0.40406584415978714,21,-0.0009923964675039513,0.000802610350154933,21,0.003755390460063119,0.01218072576399621,-0.41757517388327386
2022-07-01,1.0,0.07926111637309241,-0.1605858668962052,-0.046188135171046404,0.2555231321537965,0.04005116517333902,-0.022719803725587413,0.03184255535461335,-0.13245203890585655,0.20726603865479554,0.0866469401304575,21,-9.476813279434935e-05,0.000675697976077365,21,0.0022034887332977615,0.01130691261291296,-0.3860383547209102
2022-08-01,1.0,0.5331870650524992,0.32510574927865377,0.211195947684439,0.04832878354615924,0.019997404077406494,-0.08796079350636668,-0.11292780291685002,-0.14290640049554174,-0.2554400902102606,-0.3229067270345322,23,0.0005451961216477217,0.0011292803462257508,23,-0.002085761145771727,0.016842983237559242,0.062165205867531985
2022-09-01,1.0,0.5131211922180474,0.0952483987419591,0.03741095456834423,-0.19548525392842153,-0.226985930135624,-0.2745065874398939,-0.2299330214723893,-0.025108827678228234,-0.0986004894623713,-0.008786041762313223,21,0.00118923857175396,0.0015766800184163572,21,-0.004697644859872743,0.016075441531293498,0.15621430229472502
2022-10-01,1.0,0.1474942483294139,-0.6212935317253298,0.026829124513708096,-0.00993011615266545,-0.3100710532325734,0.29092935260186825,0.41727341499363785,-0.04892313014497159,-0.1689922871471791,-0.21946633826739811,16,0.00019638314103043408,0.0014897792642327877,16,0.002576774738977319,0.01682230058456241,0.04957529077324462
2022-11-01,0.9999999999999998,-0.728182665646561,0.5064686201590757,-0.37119780441872396,0.361918523370151,-0.3562067426129318,0.02426167938626709,0.17226097893370088,-0.24718173486267475,0.21453857624821718,-0.20875937399619163,22,0.0007368580035214106,0.0022921962426531196,22,0.003215039822630414,0.010548101791579955,-0.0029126244307196487
2022-12-01,0.9999999999999999,-0.16416397908181032,-0.032757651050112344,0.15121404571038238,0.4074176317912065,-0.29354936312084945,0.1387964824367859,0.026125293394523144,0.20753847668444525,-0.2243472523968153,0.33724309289971893,22,-0.0005420968756526632,0.001801840065152858,22,-0.002272620495475891,0.009381223857368844,0.3870778048190553
2023-01-01,1.0,-0.37408784973652065,0.3076065679187613,-0.3780283324423718,0.01615054028458883,0.33593680302261825,-0.5134589692710829,0.08727204645837572,-0.4869508581484602,0.3911144749344397,-0.33817103356886996,16,0.0003735592479710562,0.002238612955131497,16,0.004906883251168369,0.007829003717810031,0.20161659469578244
2023-02-01,0.9999999999999998,-0.6656085530575471,0.48024874196592854,-0.4872468383784046,0.37091279262049304,-0.34264703936108754,0.3037476441537157,-0.20912434118327505,0.12592879564741813,-0.031039176062202762,0.03252845200717912,20,0.000886335494482605,0.002280347468003211,20,0.0016132626211771792,0.009408098164293529,-0.15077679223009183
2023-03-01,1.0,-0.4229195478580677,-0.023183701464370036,0.29496340014239114,-0.20985699544130837,-0.14579695674539392,0.1882452684710125,0.11163915652530867,-0.3534630259319287,0.061141857054534586,0.036539388349967006,23,0.0008589802927670699,0.0015810214961454318,23,-0.0009078504128367394,0.010001479914770578,-0.3350086789116889
2023-04-01,1.0,-0.07427366674127761,0.3116022185125346,0.16770043713346594,0.4809176587042488,0.46177903100309475,0.3299335042686338,0.27158573243072526,0.5410139127505259,0.11501461184802692,0.10389374689446731,19,0.00028126707223016697,0.00036960983860445776,19,-0.0017987302044476523,0.012520595205679759,-0.44015341143487685
2023-05-01,1.0,0.01088200395276677,0.24941815904622497,0.1986769450605091,-0.21886072057758602,0.207212458763139,-0.2254319192094336,-0.044888464807445676,-0.030992522351010625,-0.0794350145334562,0.19078030613560756,20,8.626922711006904e-05,0.001173034374711667,20,0.0005267247823335051,0.00829521052949661,-0.026537185833561305
2023-06-01,1.0,-0.5563929609701826,0.37979819849753055,-0.2888115645720829,-0.02361934445502807,-0.13920967628444178,0.14557454901939165,-0.09050826460934343,0.042784230866109406,-0.06631418341713566,0.24037012458375634,20,0.00026653188362784773,0.002356422141899452,20,0.00139134433894894,0.011208973964722937,0.014386597267412987
2023-07-01,0.9999999999999999,-0.38018388105647,-0.03307151246701724,0.08603338655751862,-0.1994273713412829,0.18514422039980064,-0.3343418752666853,0.18986332701530495,0.08960075089696819,-0.29907907319580923,0.5674976855789232,21,-0.0001750812087831347,0.0016296863823074966,21,-0.0010036347240964289,0.007643878445823969,0.07309853095133852
2023-08-01,0.9999999999999999,-0.25629544482339395,-0.06996572716926294,0.1506171999100845,-0.3604334164175218,0.3897664352657002,-0.14021425735542065,-0.32946969779357105,0.4764483738485124,-0.3751834721725638,0.1326293751692368,23,-0.0004286553084179004,0.0028497868646407826,23,-0.00173815756925313,0.012597519666730317,-0.04322595376637242
2023-09-01,0.9999999999999999,0.021529897014572176,0.07991624924715994,0.007334869513213456,0.3058617720875521,-0.004199989967035363,0.02884772348732371,-0.27291224108866746,-0.15990329250421256,0.4929894731858553,-0.1703804213992287,20,-4.368703295354899e-05,0.0015047141955607149,20,0.00010460477258066514,0.00979924148559622,0.03191305314719912
2023-10-01,1.0,0.5600450796001682,0.2999591546504727,0.12424486416483092,0.005044934882926244,-0.44767066107529374,-0.5277698313134377,-0.41309775948526584,-0.22691929845821404,-0.47176102488461547,-0.4866430553076675,17,-0.00045266294968775465,0.0013236513272120675,17,-0.00043739456380143546,0.012644332322884595,-0.2923552740481632
2023-11-01,0.9999999999999998,-0.357437284552646,0.20182664095072075,0.03291982702630554,0.2041574882358846,0.1289286497729147,-0.19156022784519255,-0.25781506952110606,-0.28417802349533655,-0.07228447944195462,-0.024108499713037954,22,-5.233384149390628e-05,0.0006121739557453285,22,0.0022198373768161908,0.009446371159799129,-0.2565648565860611
2023-12-01,0.9999999999999999,-0.4673261690375922,0.05761375780758134,0.0642867719100101,0.02635055536608191,-0.2621616249724193,0.4159086449753489,0.05471567982598427,-0.23863564084994937,0.4257112834339922,-0.3668346584867072,21,-0.0002740535322427524,0.0008042050600432721,21,-0.0010638599430802997,0.010857882299024233,-0.14095083091992916
2024-01-01,1.0,0.287842073709037,-0.1923639736339557,-0.33769350290196226,-0.0050435665434462856,0.34537353194037984,0.30528968163464654,-0.2645373058056224,0.3568354246137538,-0.009210999722737478,0.29514771950664687,22,-0.0017030326024680164,0.003542503685470599,22,-0.010695982745746322,0.022186173312304668,0.16596984943996587
2024-02-01,1.0,0.34261235791192457,0.3375955205370304,0.11414525262801431,-0.12831950138995812,-0.04328272619696111,-0.201814004239185,-0.36410094046902797,-0.4822521068547403,-0.23146408020361572,-0.16038926811421012,15,-0.003703507709838619,0.015904303281405855,15,0.0038686196204708143,0.046188839302425864,0.00793999519107117
2024-03-01,1.0,0.16379272369886963,0.08588453139881241,0.000810180334915009,0.20951391736069466,-0.0660468570834877,0.16649950318668486,-0.1038471872178701,-0.11025566254906669,-0.01522724936689247,-0.025060567350042837,21,0.00018141606464175248,0.003213203688543644,21,0.0028680663560080957,0.01606916818260199,-0.029790896608584336
2024-04-01,0.9999999999999998,0.2844171459982576,-0.026097293023172922,-0.07424616189365948,0.011315113081414536,-0.11367700246213451,0.0773637269216376,-0.05617262526796417,-0.10119033954949402,-0.339226773416608,-0.09987456911575966,20,-0.002086707075997475,0.00494031277578121,20,-0.0014854790280553554,0.027241430201024264,-0.2221517263853843
2024-05-01,1.0,0.3584051477310403,0.39617850076867195,0.43695013357346835,-0.15806406045515622,0.006914278496694688,0.017067007357927735,-0.4218813539600839,-0.05399603594058222,0.22214401277125237,-0.12048050460225786,20,-0.001399870479698277,0.0013892877176467056,20,-0.0011139415837711848,0.010970794121099055,-0.12571095754782682
2024-06-01,1.0,0.3226390936741885,-0.032068355796803574,-0.20885981620666197,-0.45583537728115053,-0.24025870383269765,-0.1955888340338082,-0.20004723337472996,-0.21721762080432994,0.22061654372624767,0.2716987332813171,19,-0.002455564907495021,0.0024367158943853482,19,-0.005051818188836731,0.018639375800365638,-0.17655647664824495
2024-07-01,1.0,0.1415736387149155,-0.07938298472061782,-0.0808784512310769,-0.19510821361130792,-0.24491349024922962,0.005605778192944152,0.23435349394645344,0.13442073424103768,0.12654746443803522,0.39345777981403873,23,-0.000722022118908613,0.0018221265576997628,23,-7.209680018840834e-05,0.01679362651348947,0.08301276370261833
2024-08-01,1.0,0.44120897254140234,0.054900051642209326,0.13076193739493513,-0.003274951722160201,-0.0390232222076396,-0.15245016161764396,-0.038257621666558966,0.20676285198272468,0.03947757700398062,-0.25111893846844335,22,-0.002857202318885177,0.002018224431373235,22,-0.0017499949788090095,0.012719086400380535,0.01979296379353882
2024-09-01,1.0,0.3979424309547994,0.08918963967159224,-0.013196175687254983,-0.0748432984079643,-0.27638519608159007,-0.3897866794603774,-0.33387886605454475,-0.07994906995957797,-0.020859647908778978,0.14492997328177928,19,-0.0022684875874278317,0.002349804694012989,19,0.010678776733648157,0.02804171501458872,0.31333922251630947
2024-10-01,1.0,0.09219108507340923,-0.05810318246999778,-0.1521589958405197,-0.17775832227953758,-0.17769903028340586,-0.13078445344611314,-0.15224332408167232,-0.12006505962614285,-0.04917232642986903,-0.06331793307569364,18,0.006285052137027977,0.016572959537634525,18,0.0051599198439552215,0.03572512457972227,-0.39866483353898946
2024-11-01,1.0,0.006485657399470184,-0.24463311170287835,-0.07232448119735477,-0.0725598172842418,-0.2460309904335678,0.0698717104141963,0.017931726422780077,-0.024137239668374062,-0.18362773601149468,0.2663919159043594,21,0.002233328276132904,0.001823545464708772,21,0.0018493498820848805,0.022661129821795207,-0.21045208508573915
2024-12-01,1.0,-0.28592363089043643,-0.0441897064454634,0.05933081426203017,-0.034451300462131844,0.12012710775475817,-0.234517218126003,0.030282192020791132,-0.2238601165995077,0.21925479678825588,-0.12714813046885842,22,0.0030272399537600134,0.002072517483019553,22,-0.0023211266659881637,0.019835306596474443,-0.12421218359424953
2025-01-01,1.0,0.024076308379895106,-0.4003358334378835,-0.15394996327178923,0.19067791586171118,0.4518086593177798,-0.2902655825670581,-0.47187640298880273,0.3653311348677582,0.0836734634128163,-0.3319437964004667,18,0.0025833830837718326,0.002216798273520803,18,-0.0006015991374163887,0.020807179337866695,-0.21222793718598468
2025-02-01,1.0,-0.20848203948460678,0.17853769176543807,0.13695977510935647,-0.23860685581475014,0.00022971889338672992,-0.30576153004027407,0.18007522798837994,0.03914197672827976,-0.20165260580168318,0.42885331934982424,18,0.003965271012800522,0.0011865354141977786,18,0.005027974137411722,0.018082102299605596,-0.31754564871850177
2025-03-01,1.0,-0.07346099840535547,-0.2837229411031251,0.35127494779915236,0.03211887017296043,-0.232815797474159,-0.06325827311977948,-0.09023842321538092,0.1316744168144911,-0.1608687018623639,-0.12392842057919577,21,0.001849739647683504,0.0009216027003223875,21,-0.0005369121707244525,0.01213974308342042,0.09903523516888685
2025-04-01,0.9999999999999999,0.3564481798988642,-0.031028794307838187,-0.10239432903670584,-0.017324521346196713,-0.015583387372723155,0.21974108713552404,0.14159166257040506,-0.13906365472836657,-0.05348534779120149,-0.03242070808048199,21,0.0006340608457183959,0.0009469622230922202,21,-0.0013727894766456907,0.03307470066780579,0.15956566827670252
2025-05-01,0.9999999999999999,0.052489425175191645,0.049187301285235796,-0.1642954515123207,0.09963102793886429,0.11182691645464257,0.10050035072564578,0.1833233645983744,-0.10367155506702937,-0.05711055334443886,-0.2737996967403424,19,8.812472211330577e-05,0.0008896291859280017,19,0.002117966629432226,0.0128555841001131,-0.2979821485359136
2025-06-01,0.9999999999999999,0.14492152044811366,0.4576412185097245,0.1808793265944667,-0.1309971983887448,-0.06258627813290153,-0.16938457948676264,-0.002068577561214564,-0.19368072420058607,-0.11216449125662142,-0.03424478167634468,20,0.001068251971559675,0.0007393869293760039,20,0.0031020504061912797,0.011285672116260734,-0.1433638453576083
2025-07-01,0.9999999999999998,0.4031091167476024,0.04004326738026311,0.06771736770129985,0.0524602110633942,-0.11317248910711053,-0.097033118665497,-0.07272967786423237,0.07471057641691933,0.1025902856190471,-0.04128184440207077,23,7.878009831300243e-05,0.0011576140831728644,23,0.0019171739580912742,0.007224505316756323,-0.046609556505833094
2025-08-01,1.0,0.6091285932315622,0.4196813363331175,0.23832975325396952,0.19071093834458216,0.06283202722267535,0.02264629234218396,-0.1518880095352848,-0.5161962900287254,-0.4945692905031619,-0.27470570505087083,21,-0.0002706427928611714,0.0021893308245848845,21,0.004397124883753157,0.011132592454503829,0.16866608567300487
2025-09-01,1.0,0.3739298945313599,-0.08106812705032074,-0.3291040895081907,-0.33939902100874636,-0.33035014482383374,-0.1939554803040709,-0.05290748914832598,0.08499716541208525,0.11236430348336301,0.10817179779243716,22,0.0032703684617079276,0.0010486137596144116,22,-0.00012077487886803666,0.013158644349297909,-0.1635022047072713
2025-10-01,1.0,0.521963985817866,0.09398120714237541,0.1467969556492276,0.25768448903129615,0.008538275439300039,-0.1669889620577875,-0.14003686550349143,0.10336997061690603,0.2365820334143678,0.08063752345022483,17,0.002519293013095247,0.0012862145788158732,17,0.00019800711340977651,0.012683205786555862,0.10708025706053897
2025-11-01,0.9999999999999998,0.34368411386106573,0.21597593381600536,-0.12019074321722081,-0.13894369582659047,-0.3343961244902781,-0.06839733801021713,-0.29246245830857487,0.09780547836867359,-0.15200454620558962,-0.21657808011968574,20,0.0020601761829412493,0.0012549103917590873,20,-0.00019951213858153977,0.013253679328681229,-0.530098424025233
2025-12-01,0.9999999999999999,-1.0,-0.9999999999999998,1.0,-0.9999999999999998,1.0,-1.0,-1.0,1.0,1.0,-0.9999999999999998,2,0.0005801522978765116,0.0006554751750053885,2,0.0011083075873497,0.0058481412936597,-1.0
