,whole_market,000016.SH,000300.SH,000510.SH,000688.SH,000852.SH,000905.SH,399006.SZ,932000.CSI
2004-06-01,0.29798771298570853,0.29798771298570853,,,,,,,
2004-07-01,-0.2058190535692503,-0.2058190535692503,,,,,,,
2004-08-01,-0.14026954179076162,-0.14026954179076162,,,,,,,
2004-09-01,-0.3116142088840073,-0.3116142088840073,,,,,,,
2004-10-01,-1.0374365757725852,-1.0374365757725852,,,,,,,
2004-11-01,-1.3712615706006472,-1.3712615706006472,,,,,,,
2004-12-01,-1.3739073741096797,-1.3739073741096797,,,,,,,
2005-01-01,-0.9934117305569351,-0.9934117305569351,,,,,,,
2005-02-01,-1.1773556905492903,-1.1773556905492903,,,,,,,
2005-03-01,-1.193808352890753,-1.193808352890753,,,,,,,
2005-04-01,-0.9103964681594714,-0.9103964681594714,,,,,,,
2005-05-01,-0.7812832956917816,-0.7812832956917816,,,,,,,
2005-06-01,-1.1218764042274025,-0.9182439882483943,-0.43925334413770944,-0.3616868061393776,,-0.2854235580339059,-0.4796411418104995,,
2005-07-01,-1.4676459007612201,-1.3911911733330982,-0.8057797492258274,-0.7469067551587951,,-0.6975376133683897,-0.5716810299528647,,
2005-08-01,-1.836891676189611,-1.431533765697017,-1.1707032858808026,-1.022581094267141,,-1.340673335204761,-1.0938337171312074,,
2005-09-01,-2.1323051544843703,-1.727867974579529,-1.3983788709355256,-1.3341483626315696,,-1.71641551954687,-1.3595818619612312,,
2005-10-01,-2.11720294113639,-1.68781207863207,-1.6328235229062797,-1.446378400307797,,-1.4527588132354867,-1.241108707833189,,
2005-11-01,-2.3671968080804637,-1.5961941807587232,-1.7546034989027468,-1.754554709912382,,-2.018456517707932,-1.5870419503534063,,
2005-12-01,-2.371398874313277,-1.4930423132695674,-1.6766181377514322,-1.8077625033725306,,-2.004839780885324,-1.7495984535204019,,
2006-01-01,-2.4758395598710132,-1.6157499497776782,-1.6973399226350225,-1.8332416774911566,,-1.9296358948136447,-2.1780971718704354,,
2006-02-01,-2.636808801522144,-2.0511579586702875,-1.9510141001811725,-2.0279687089240146,,-1.8099020193425095,-2.2188680377256067,,
2006-03-01,-2.6628290398514096,-1.9539227362668272,-2.023293119156343,-2.1582993713348144,,-1.8428853401235643,-2.2106114496083693,,
2006-04-01,-2.7716724200271026,-1.516915792133266,-2.4607733685233297,-2.5393902320730803,,-1.7594328723883577,-2.456716652250349,,
2006-05-01,-2.838825693232336,-1.8769974023151343,-2.346397464984557,-2.3701680166358647,,-1.6456504188821899,-2.8297819805768025,,
2006-06-01,-2.8669535237977297,-2.100019228115625,-2.3131444276971727,-2.4759202906867577,,-1.5387264658812168,-2.7818240238407457,,
2006-07-01,-3.040024748156365,-2.2566687662145184,-2.4939329292386905,-2.6200416205563997,,-1.736081123695769,-2.9682661183093177,,
2006-08-01,-3.0129582741115164,-2.722532881905008,-2.2310030971832804,-2.404509750791802,,-1.634522642658144,-2.947089815252218,,
2006-09-01,-3.1334331006661915,-3.1982269258726026,-2.1618133654212355,-2.3027664695854964,,-1.8996032053501408,-2.979622354334352,,
2006-10-01,-3.1912054808847397,-3.2590055747195144,-2.305852366013333,-2.172247907149891,,-1.9651744845325896,-3.128613889241239,,
2006-11-01,-3.509867546599228,-3.3773385873399917,-2.6282316564127037,-2.3786524375673865,,-2.399020459821224,-3.640961409087704,,
2006-12-01,-3.7362536662055543,-3.754187640171529,-2.9433490333021473,-2.6294635457363156,,-2.4935642223392254,-3.7355707067114237,,
2007-01-01,-4.032658906307914,-3.7855615096261914,-3.263733029967202,-2.9921398246978557,,-2.7020129033111355,-4.294714081170053,,
2007-02-01,-4.341619671182507,-4.048986662496287,-3.4362385242059963,-3.0898091604869893,,-3.2486135848467854,-4.7593172411093425,,
2007-03-01,-4.443797195269406,-4.2722623828247865,-3.514639905471492,-3.0954562453064542,,-3.5204356765333635,-4.6910585834438026,,
2007-04-01,-4.504644004853691,-4.439178262000391,-3.569182899115959,-3.201707186534884,,-3.5779555940794667,-4.61006289977062,,
2007-05-01,-4.492034886198752,-4.178549057714633,-3.5074310600805387,-3.2090341198755765,,-3.8161871141808663,-4.623839896375011,,
2007-06-01,-4.739862590580903,-4.3732594120913575,-4.070535494364378,-3.749757142484114,,-3.6254739631024244,-4.755153758095104,,
2007-07-01,-4.905488213850385,-4.441516865537814,-4.38979978996201,-3.919110587104023,,-3.7077933449558715,-4.944087298925068,,
2007-08-01,-5.045098064483034,-4.415296364565029,-4.490891836649707,-3.9612525342657663,,-4.027091867877633,-5.205824536289896,,
2007-09-01,-5.245401756728131,-4.414699051609299,-4.6283557423121,-4.1624076400667,,-4.400237036587405,-5.49617613029801,,
2007-10-01,-5.101204630105092,-4.645139004632727,-4.61220031809634,-4.119439669307188,,-3.9407293214815513,-5.063381654240511,,
2007-11-01,-5.032839798214955,-4.568806455983555,-4.424240159968788,-3.982982879873567,,-4.0811849191671925,-4.981851393314527,,
2007-12-01,-5.315341455199739,-4.853656541448937,-4.518969864676692,-4.35456070941168,,-4.44457855558427,-5.279808422109973,,
2008-01-01,-5.5610883815695615,-5.116493323196315,-4.857335583545189,-4.490337739559864,,-4.586973677871768,-5.629168400907526,,
2008-02-01,-5.634139615187385,-5.270871518315636,-4.970767840943172,-4.562067507291754,,-4.568704014251728,-5.673154012367489,,
2008-03-01,-5.560463488912652,-5.319293442735943,-4.926395369442419,-4.47984694608256,,-4.209992252111488,-5.741656251423705,,
2008-04-01,-5.275670848760927,-5.0827394297796715,-4.598485473119173,-4.198550730274007,,-3.8210409167526382,-5.552404511112001,,
2008-05-01,-5.507984728707214,-5.4332444931367725,-4.93269564531546,-4.516475135417664,,-3.848932932526837,-5.683442254372192,,
2008-06-01,-5.732252824953427,-5.410234252037714,-5.253684594250327,-4.771084089470495,,-4.014304125850741,-6.086823880390716,,
2008-07-01,-5.816705874638483,-5.655391087956369,-5.1521123620500955,-4.855930667284749,,-4.106247456418296,-6.188714616715763,,
2008-08-01,-6.135883270416488,-6.197573690514927,-5.4269957619772375,-5.278592443560205,,-4.222424514158256,-6.428696759104669,,
2008-09-01,-6.642549346986848,-6.874705765390639,-6.027072668144355,-5.876231780343414,,-4.526846034760432,-6.782757303528254,,
2008-10-01,-6.4700474301921345,-6.7657827465435565,-5.531074124595334,-5.549391344687825,,-4.834870110516556,-6.543985641850257,,
2008-11-01,-6.5605021172844875,-6.542289158025356,-5.568395357514093,-5.764938471233843,,-5.049676696805408,-6.752077720076594,,
2008-12-01,-7.039765747096103,-6.928664207820753,-5.99933967697213,-6.20078457693782,,-5.601418264798419,-7.34348882618425,,
2009-01-01,-7.111503972821804,-6.828584201068922,-5.797654433085371,-6.064629093483251,,-6.037463191127835,-7.7040557625764965,,
2009-02-01,-7.318849855278676,-6.862093865497863,-6.125754997139331,-6.364967407427967,,-6.151802525658725,-7.964497297902347,,
2009-03-01,-7.523873852573047,-6.92381794297043,-6.270491484053894,-6.520335955774508,,-6.459136324395769,-8.320454372903487,,
2009-04-01,-7.499718267752045,-6.8123824996544196,-6.349911213653788,-6.499426883969043,,-6.413233957665893,-8.298503601049939,,
2009-05-01,-7.676561294696803,-6.923286344474898,-6.555115667941448,-6.579053502412643,,-6.632504178945446,-8.567713596942436,,
2009-06-01,-7.51438458711767,-6.667168468505738,-6.1800613695832345,-6.112796935242855,,-6.768500922463228,-8.718262057026147,,
2009-07-01,-7.690225220721616,-6.954333315107118,-6.392811448761245,-6.339111399831161,,-6.788855307924946,-8.850881449216464,,
2009-08-01,-8.023242099793958,-7.04212977942217,-6.816063970989682,-6.682168294795319,,-7.163291354926603,-9.287423916068867,,
2009-09-01,-7.995960230477761,-7.104585611423339,-6.77774705588765,-6.703056024696429,,-6.980391363896164,-9.288887913718074,,
2009-10-01,-8.24605553273514,-7.290806443351017,-7.0907165864704425,-7.097696493566172,,-7.155756893146391,-9.470168064374528,,
2009-11-01,-8.607392136662204,-7.585226075047781,-7.444732995975946,-7.484843964425731,,-7.518294362635152,-9.878730102459263,,
2009-12-01,-8.591782204280008,-7.707248025170259,-7.44886596413286,-7.464447661625201,,-7.382914257504091,-9.830301930200488,,
2010-01-01,-8.57651073345393,-7.821882974499188,-7.603785509721653,-7.52306627156262,,-7.077734058727291,-9.730951669991748,,
2010-02-01,-8.758619483143145,-7.977110708853681,-7.929922461495489,-7.7688155742622635,,-7.181988321288306,-9.810127167048837,,
2010-03-01,-8.93020915850024,-7.939514421923709,-8.149253962129801,-7.88664707412665,,-7.4691223777910345,-10.081374773762857,,
2010-04-01,-8.880836736791325,-8.229863515884086,-8.129024462091415,-7.9439224808051065,,-7.199325345301789,-9.776914697107085,,
2010-05-01,-8.984590174027096,-8.228881756303833,-8.429728385243878,-7.802452415724208,,-7.343622538185871,-9.99313259191054,,
2010-06-01,-8.890896590140551,-8.117546706231678,-8.37882260977897,-7.662235831288393,,-7.301437979041267,-9.8693066415953,,
2010-07-01,-9.072699087741245,-8.43367303322847,-8.6108171997281,-7.8455259997806825,,-7.400463975153236,-9.947882048048587,,
2010-08-01,-9.21103481818468,-8.525206301138292,-8.70790188062043,-8.085313447799583,,-7.6380285890512,-9.973590689546745,,
2010-09-01,-9.096363387264526,-8.472630211607006,-8.654678073805137,-8.083017114400848,,-7.348546861272985,-9.7978114924695,,
2010-10-01,-9.273936395245363,-8.758500874923646,-8.92728300703799,-8.178477489951167,,-7.442373556354446,-9.937913865192405,,
2010-11-01,-9.35223111925436,-8.9359315320645,-9.02801241927883,-8.222046011751402,,-7.486804265095013,-10.09413462265435,0.05261171333045469,
2010-12-01,-9.379505933659638,-9.157203527218675,-9.063746380231807,-8.095733687116335,,-7.470058190566312,-10.224419359357283,0.1331951205451092,
2011-01-01,-9.468303051617234,-9.394804849048729,-9.366069034435291,-8.14298642068269,,-7.4282251553692245,-10.319768641648054,0.2411053694931123,
2011-02-01,-9.661333376101192,-9.670423269860436,-9.71505705981867,-8.417648105412018,,-7.402862408024216,-10.56158407669183,0.1986442412125464,
2011-03-01,-9.637511782240496,-9.355229662233722,-9.54304614841676,-8.414110736601323,,-7.560377208911062,-10.811129796793315,0.2578924375257285,
2011-04-01,-9.865159510577966,-9.780542914909692,-9.810072978391757,-8.89600913078393,,-7.610660208556651,-10.97220698557101,0.2776047327577657,
2011-05-01,-9.89693052937904,-9.750964540889338,-9.681294456264421,-8.828537396740886,,-7.6854487997834,-10.986683910233028,-0.04958449435064749,
2011-06-01,-10.02020611010402,-10.024255238042992,-9.696843504102278,-8.789246363636572,,-7.854513376222118,-11.228697054347712,-0.12861154625993887,
2011-07-01,-10.021116160788429,-10.01198714386707,-9.525362047992582,-8.728317898901324,,-7.903174049505822,-11.263830176705898,-0.29495606974536176,
2011-08-01,-10.133364502568382,-10.340717538336678,-10.054539588935329,-9.171726234269588,,-7.6752586341197295,-11.065581417580464,-0.0932940241559865,
2011-09-01,-10.20868963168438,-10.032920756756193,-10.19839077303147,-9.241432044724062,,-7.775719962823483,-11.217987103811101,-0.38661757094745497,
2011-10-01,-10.044873404154938,-9.946556223076495,-10.278294746216387,-9.177664113176593,,-7.507221654082161,-10.913672146138161,-0.04676196422732021,
2011-11-01,-10.170887683911237,-9.85896154561869,-10.339300150240335,-9.276119170607647,,-7.724022603739857,-11.125426736857495,-0.30242631839088724,
2011-12-01,-10.252214586498459,-9.482202344326197,-10.416216941787688,-9.569362368344821,,-7.920766354770863,-11.36842033662668,-0.3572495951219901,
2012-01-01,-10.217236212142552,-9.40742959235828,-10.193763652861229,-9.588261842451121,,-7.888749376251774,-11.390183745870463,-0.4359594850499291,
2012-02-01,-9.997520671111781,-9.112695748735991,-9.869566474667414,-9.204663519392675,,-7.735855501645371,-11.375234120171779,-0.28803908404494394,
2012-03-01,-9.892715391319248,-8.97915349867335,-9.74666971759241,-9.369279404783367,,-7.489567353939654,-11.313227122088712,-0.0593256728254834,
2012-04-01,-9.810311866472116,-8.673953315540736,-9.527531525991336,-9.105587336251054,,-7.5770088088871566,-11.485338941199593,-0.09338169295030482,
2012-05-01,-9.71888518052303,-8.603512641634593,-9.490808686142618,-9.01876106329323,,-7.48992137608958,-11.353911678645716,0.04267394068007338,
2012-06-01,-9.69138596305505,-8.494360882713037,-9.467340780419992,-8.959308894788036,,-7.596109089749886,-11.254749620969047,0.0226230683222153,
2012-07-01,-9.62431818075642,-8.289267310117637,-9.267007731966304,-8.831666992256173,,-7.587207709586312,-11.562007707649434,0.19031794504985583,
2012-08-01,-9.654979573602525,-8.187828781825946,-9.342777732952193,-9.006543388190549,,-7.705514303999361,-11.53086351606136,0.2427198594267826,
2012-09-01,-9.677133120519672,-8.405531447305286,-9.545720200062393,-9.215422236400295,,-7.728259107231929,-11.468797835768331,0.7000016816627258,
2012-10-01,-9.73585257644518,-8.408349801439705,-9.532435701472222,-9.268740055572774,,-7.8480427609810315,-11.697144191431384,0.73866663023856,
2012-11-01,-9.682012296012683,-8.687945859126556,-9.596690466204269,-9.086198172550471,,-7.668602691285726,-11.515151239480433,0.8615842305838857,
2012-12-01,-9.828226422021906,-8.921269441134292,-9.666126081303196,-9.307412899087716,,-7.7477561269757445,-11.833894535370147,0.9061701297521843,
2013-01-01,-10.006919659373626,-8.994111794885411,-9.752359374619237,-9.554825242717175,,-8.066296273188142,-12.108042819558412,0.8331871267391489,
2013-02-01,-10.154087151217485,-8.809341946154365,-9.605807349833952,-9.441691863619797,,-8.386908363106757,-12.581221116282528,0.29951730970500856,
2013-03-01,-10.410297619816195,-9.130412130651719,-9.899049000664721,-9.704684559065598,,-8.602175887203583,-12.639162348182197,-0.08723221511683249,
2013-04-01,-10.35202286480107,-9.079008140364545,-9.930509980448145,-9.755485820792847,,-8.71648860156519,-12.323504093896549,0.0919290262733829,
2013-05-01,-10.530468990954915,-9.299134939469024,-10.09231857568845,-9.895346454134772,,-8.824781849352469,-12.597897223060043,-0.07426532601220517,
2013-06-01,-10.659120324513557,-9.56735687586294,-10.238148061338725,-10.108310070532003,,-8.808864913385019,-12.54728572602744,-0.2856867219226895,
2013-07-01,-10.731155205988776,-9.74934655052888,-10.38539051340105,-10.193810237389402,,-8.78627756678091,-12.574667085242616,-0.2983697045772693,
2013-08-01,-10.974189727204605,-9.885829904790349,-10.606317432969554,-10.453644926367764,,-9.077673342977445,-12.740444848956878,-0.6821583291531186,
2013-09-01,-10.919803690394419,-9.892181296480794,-10.509126913952054,-10.39530927635864,,-8.98054144965947,-12.752416735296157,-0.5901768926068776,
2013-10-01,-11.024463194122891,-10.185168497487327,-10.508372467523182,-10.341081019119352,,-9.000954288263548,-12.767473359139494,-0.944659955191919,
2013-11-01,-10.985268793804583,-10.277135542544267,-10.500303312940009,-10.390014428106104,,-8.77217224921122,-12.62330446496967,-0.9496131870437046,
2013-12-01,-11.204774760122064,-10.434256757260002,-10.706970570975788,-10.52687713424462,,-9.164494739115566,-12.681241005964209,-1.3157387751596814,
2014-01-01,-11.413394189861261,-10.621984821002302,-10.807267573960624,-10.663290623112506,,-9.239672639763217,-12.904248653825814,-1.8448312494905867,
2014-02-01,-11.444288869309341,-10.388169981707863,-10.666128643760853,-10.630795670712514,,-9.579445397782248,-12.995877018770107,-2.006246925109945,
2014-03-01,-11.558510085587884,-10.457985742385953,-10.753108419306317,-10.656639534969289,,-9.849376633064807,-13.05247644104452,-2.1824041647439008,
2014-04-01,-11.48798725939584,-10.517628056762478,-10.921915592692343,-10.641391198200164,,-9.744074320336376,-12.838431203904216,-1.8654136064669469,
2014-05-01,-11.603671743189098,-10.522245015268663,-10.983153611015839,-10.750807334203627,,-9.943208846175704,-13.042477775576838,-1.9810682988814012,
2014-06-01,-11.694521079260877,-10.461390212131617,-11.097329585022997,-10.654409115509793,,-10.18619640037143,-13.181337345541817,-2.2610894307442213,-0.01715414430264806
2014-07-01,-11.509448745501269,-10.278435201306213,-11.040527116826187,-10.338564580890129,,-10.019425453481043,-12.955415391183653,-2.0693509084017623,0.13831875478171893
2014-08-01,-11.533747989702618,-10.203910381017325,-10.863778492959948,-10.381048424713187,,-10.079087791722156,-13.272769159261085,-1.9448894590737993,0.011989102030785292
2014-09-01,-11.796195574571891,-10.707567605271489,-11.500067606541647,-10.68264870255897,,-10.220115986447041,-13.557076490286951,-1.7919886263159,-0.1111626833796287
2014-10-01,-11.69161770851378,-10.513257244104159,-11.55962847582418,-10.694006252301186,,-9.933559308663588,-13.742759727601536,-1.5853877254160462,0.19001609551584353
2014-11-01,-11.78658662998313,-9.913713610955398,-11.22232244029821,-10.910082326993214,,-10.301209934626474,-14.130542463952061,-1.8086213687571273,-0.21687294309782335
2014-12-01,-11.90566463159873,-10.006671315478584,-11.24143472295257,-10.935301747794599,,-10.453378090852796,-14.154760645079458,-1.9989081760080667,-0.5464564018234295
2015-01-01,-12.203776159382715,-10.284095862109783,-11.636897247449996,-11.221017775551552,,-10.859078822002122,-14.220449267015661,-2.3493522930031534,-0.8528005273451311
2015-02-01,-12.225377872067122,-10.616102746036674,-12.061888314783685,-11.163522008365081,,-10.906608465673717,-14.245944139614693,-2.206981902148601,-0.37385620664580427
2015-03-01,-12.380477864033079,-10.754888918941306,-12.011469845821415,-11.229657931121213,,-10.997861655448762,-14.586260415947123,-2.579756719654821,-0.500708240095304
2015-04-01,-12.411189512244507,-10.927692508332756,-11.92548672418154,-11.054718443082477,,-11.11108279444353,-14.870052265549786,-2.4444359058995873,-0.5421166230202681
2015-05-01,-12.352976594673628,-10.88932378825255,-11.97523606344065,-11.076138345760384,,-11.00999770586214,-14.740530970184246,-2.387430811744479,-0.3894371562693452
2015-06-01,-12.139774957452916,-10.883752572761901,-11.848546639146846,-10.915031295815528,,-10.67877019655252,-14.369840554887528,-2.2526348660497164,-0.02710725575477807
2015-07-01,-11.982166999310202,-11.251867081598167,-11.867870783526683,-10.802216614290483,,-10.293765981816705,-14.061088516492138,-1.9829703909557193,0.38735169471007114
2015-08-01,-11.790383590524767,-10.905131449809328,-11.532013033841018,-10.561524007776814,,-10.183935864394803,-13.941222719402214,-1.921947211571656,0.5158304743240565
2015-09-01,-11.868267870494943,-11.392589982994188,-11.83244120420632,-10.787579887637184,,-10.02900625798616,-13.879332553870563,-1.7715965165459884,0.617412630977393
2015-10-01,-11.895224320766118,-11.100077316943041,-11.738309452638587,-10.778591657639542,,-10.21123047070213,-13.985678174005562,-1.901428585779635,0.4514867335472634
2015-11-01,-11.798119881800192,-10.861930132966025,-11.536719305104349,-10.6052098867105,,-10.197509358297767,-13.925266384201286,-1.8565131713319813,0.3990503872121631
2015-12-01,-11.763857756712309,-10.992839477094734,-11.64413226064931,-10.763969104129425,,-10.216685135439645,-13.78685170925313,-1.3769935990011881,0.4372083097828705
2016-01-01,-11.990422731983328,-11.321903901285067,-11.929905132410365,-11.00991273246466,,-10.338935465123877,-13.9016663123113,-1.5699866936660283,0.14209243457960108
2016-02-01,-11.753577789077331,-10.916302121468831,-11.570840498393423,-10.66749260725912,,-10.173755334008934,-13.672584531206116,-1.5794958856756147,0.3081677756723215
2016-03-01,-11.945818093249938,-10.956307281776228,-11.76917835345618,-10.878694119789724,,-10.415384217582666,-13.897917949997183,-1.7661010635001628,0.06559765455417771
2016-04-01,-11.992895155595052,-10.88466210979722,-11.765566929008248,-10.902511920269502,,-10.525184468727476,-13.902147761473442,-1.9018812396064404,-0.06557033908143367
2016-05-01,-12.262984501589013,-11.263686513361169,-12.055976985518509,-11.183267564795026,,-10.791208110460046,-14.161364046802362,-2.006756803289561,-0.37589016569482026
2016-06-01,-12.31056437571526,-11.15270999030729,-12.078041738351857,-11.268780277187888,,-10.8397236340674,-14.233369710773404,-2.066477097302809,-0.5321068608145699
2016-07-01,-12.482052177535556,-11.458940912461049,-12.328370137806575,-11.432994888075294,,-10.92922245083417,-14.44147152805682,-2.196322010127476,-0.5843019941859088
2016-08-01,-12.231616824133846,-11.703104637389586,-12.096320830549042,-11.050901341269434,,-10.489508515645838,-14.03844402882622,-2.1776774448076077,-0.06261964924759855
2016-09-01,-12.302436916913528,-11.74256447134604,-12.190478711049318,-11.116667046584121,,-10.569436095485312,-14.074391878447427,-2.243950362185212,-0.1768285320956665
2016-10-01,-12.67795288862356,-12.146648847643172,-12.724092015457074,-11.492834145804892,,-10.93665176078818,-14.34219002278592,-2.649944784114652,-0.45056732256943055
2016-11-01,-12.645659825519335,-12.392345031198804,-13.044885524207649,-11.38494304541287,,-10.479298159901818,-14.351391771943856,-2.5760190549276802,-0.2879948698410645
2016-12-01,-12.765792777500971,-12.496428198716078,-13.236904129454343,-11.488329873334976,,-10.538461065526556,-14.287394538699981,-2.7718249196085396,-0.5384653959647149
2017-01-01,-12.910865006583041,-12.815006100742844,-13.383169568077198,-11.593150842923412,,-10.625703057033395,-14.176269000792695,-3.009725951805155,-0.7702892035049776
2017-02-01,-12.997702072980367,-12.953178352361476,-13.431957182675015,-11.579079099394916,,-10.91997103107332,-14.344285834572858,-2.721688384621433,-1.0310133049619357
2017-03-01,-12.98317055067836,-13.1406087463462,-13.220556906037379,-11.496259704169839,,-11.00072044150771,-14.455846725581706,-2.7525908129504795,-0.8128691969535888
2017-04-01,-13.000180675870189,-13.109965914842354,-13.108887532291842,-11.538292728912708,,-10.918716003149054,-14.555743568648396,-3.0098187361779747,-0.7570989258673722
2017-05-01,-12.917695117984128,-12.996911488435337,-13.101978470617258,-11.474174192605453,,-10.875080616054236,-14.627983168142316,-2.7552038140183117,-0.5897927548143674
2017-06-01,-13.114938522570435,-13.070474641979553,-13.307949623915247,-11.872938328861627,,-11.077305456144819,-14.859620640253421,-2.808050612605073,-0.8054890330316946
2017-07-01,-13.246522627000068,-13.32549172711807,-13.294493700565065,-12.145023495897503,,-11.141860873835194,-14.977707937078344,-2.959440405522755,-0.8788989277819326
2017-08-01,-13.358177286374858,-13.27452323700983,-13.445388756263638,-12.413936194221339,,-11.288987605711233,-15.2218129614649,-2.9045621840085505,-0.955288744742901
2017-09-01,-13.53477041480684,-13.20830352131182,-13.446997910078672,-12.53995315377547,,-11.651550481059981,-15.472477691226887,-3.390713316866718,-1.0306555081267241
2017-10-01,-13.559321084839636,-13.23576101198462,-13.86598834650563,-12.267515963976635,,-11.576236470569057,-15.40969844712609,-3.642795149403212,-0.9145108831106059
2017-11-01,-13.580333074135634,-12.88689043368717,-13.825310691700876,-12.2618108400078,,-11.894315585430677,-15.244569785314187,-3.872467794951098,-1.0742250666560271
2017-12-01,-13.669461866297198,-13.178424619261092,-13.951935311776053,-12.294072134576155,,-12.016357526684699,-15.026517207883357,-3.905269375273243,-1.3109155674241824
2018-01-01,-13.750184497170984,-13.075724109869663,-14.15239318213783,-12.691202973254057,,-12.058686107323478,-15.115213812242121,-4.055531026576694,-1.0997989475914411
2018-02-01,-13.931318969725577,-12.926515964142123,-14.361900026035162,-12.874351813258155,,-12.251250208548946,-15.185528822952046,-4.195188352291515,-1.7217562796494827
2018-03-01,-14.190973326270365,-13.006051049893452,-14.656217619022756,-13.058369706853236,,-12.683954147946855,-15.403455213929814,-4.49732562224508,-2.0286986027997522
2018-04-01,-14.220617152117988,-12.815327527838985,-14.88546758254528,-13.139055980818986,,-13.190666179599852,-15.072330901611215,-4.203575464478978,-2.235155106731016
2018-05-01,-14.30859543348605,-12.903521015454237,-15.073739973619126,-12.719180082457342,,-13.511112626807401,-15.324593402456989,-4.081275665873609,-2.544003946532029
2018-06-01,-14.38564642683204,-12.925647230704266,-15.121066064665362,-12.824428906578634,,-13.817460901148067,-15.354024677375792,-3.956315942305765,-2.697839943844784
2018-07-01,-14.478993439561709,-13.201394243462726,-15.383327115199867,-12.986372880086153,,-13.760956242499885,-15.351718891051803,-3.8690206625514016,-2.797422720878526
2018-08-01,-14.603342259515914,-13.250210989923955,-15.665921546450003,-13.222402517126987,,-13.901706763039163,-15.405386853150217,-3.9722914214416476,-2.8027344042778246
2018-09-01,-14.583638548808494,-13.272677826578207,-15.533374773721308,-13.117386118973771,,-13.945588908156562,-15.59228978451144,-3.9169762092450395,-2.70443489927153
2018-10-01,-14.64941816094217,-13.21902961218695,-15.489710760080422,-13.113506264086066,,-14.152190754071489,-15.784655806465096,-4.020298640584577,-2.7637939679189873
2018-11-01,-14.857029502937765,-13.01262727790233,-15.478452318802884,-13.185480271135374,,-14.582374672993897,-16.254639716790866,-4.385846527067964,-3.097044414669435
2018-12-01,-14.92849863807773,-13.305323093363269,-15.637227072836628,-13.302311876746474,,-14.660938289653101,-16.28673854377423,-3.9515297373884577,-3.352680531580353
2019-01-01,-14.962270672377654,-12.932481884953964,-15.398880401383657,-13.148533146981325,,-14.876197754334154,-16.594129553522098,-4.0058807167374555,-3.7770499275293252
2019-02-01,-15.128138937637672,-12.725230130452536,-15.427322410473867,-13.3338359708814,,-14.982568419785718,-16.93816997283494,-4.32630375455127,-4.160800583282369
2019-03-01,-15.232478388884772,-12.893465975143652,-15.615824128393108,-13.756150443133992,,-14.99401986361332,-17.083552263961007,-3.9718294611213056,-4.309765265625417
2019-04-01,-15.266188151444558,-13.327651015822966,-15.606072274610968,-13.764141700946556,,-14.95841482457474,-17.07429163706917,-3.8357207759121885,-4.294283509973717
2019-05-01,-15.535076150647614,-13.253076757306124,-15.948129329770335,-14.04067729939049,,-15.236140575610811,-17.539719152646548,-4.117555282507362,-4.607493336100025
2019-06-01,-15.541483175960984,-12.920116207317898,-15.666433666346373,-13.798249319031227,,-15.462281070982609,-17.982032850943533,-4.0501911731928715,-4.908336622710782
2019-07-01,-15.681508803851443,-12.784032961600527,-15.821022601803323,-14.043463472450716,,-15.604077498011586,-18.103554194790757,-4.442077375045677,-4.969592202055928
2019-08-01,-15.814748001417563,-12.606680332229654,-16.21858840326407,-14.47503466832832,,-15.740770542898257,-18.20706218688161,-4.311154917770071,-5.141203637349366
2019-09-01,-16.022831409516865,-12.97368643350603,-15.96869118126659,-14.68147076282539,,-16.063130333304702,-18.553566948615792,-4.366238122769207,-5.550294763128756
2019-10-01,-16.25088970993658,-13.0784075048222,-15.907148176975959,-14.915219353917905,,-16.465091708078962,-19.01890953315427,-4.231804764186515,-6.136905607218665
2019-11-01,-16.186220298449147,-12.902928972728064,-15.828668173874286,-14.847051908119733,,-16.523192812431418,-18.879983931350594,-4.260990120942639,-6.057984848495729
2019-12-01,-16.385016572108903,-12.866710049531376,-15.873812919783369,-15.264716832959405,,-16.84699230508772,-19.090943707101793,-4.429332480250924,-6.319866388846169
2020-01-01,-16.381111094947396,-12.61414013826235,-15.706445147047207,-15.236814691172082,,-17.01594902151616,-19.415393506961795,-4.238799113997408,-6.4374947244732095
2020-02-01,-16.58571288503357,-12.883447948942525,-16.09787575657559,-15.523270590206137,,-16.998422511463854,-19.55174897285265,-4.682973091834681,-6.359510002157991
2020-03-01,-16.87485580885247,-13.235930159206548,-16.09409883606332,-15.798975802049933,,-17.389609417869277,-20.00148462300031,-4.8549073625897785,-6.746243139986552
2020-04-01,-16.804440748777285,-12.934760546772823,-16.03283094869685,-15.53219191073328,,-17.768989197941053,-19.862939171838264,-4.602401182817931,-6.894230961439227
2020-05-01,-16.808428812955334,-13.061233085456344,-15.950125885503834,-15.583501670304123,,-17.740215388377603,-19.93962374744336,-4.599122929591571,-6.782437662808944
2020-06-01,-16.754308348638666,-12.965787223127144,-15.795184037951387,-15.418636351216115,-0.3052032544489463,-17.704973670005028,-19.88471027576023,-4.5171309358156515,-6.631670906627927
2020-07-01,-17.006303708057334,-13.131569387321049,-15.947527585460003,-15.749484814733412,-0.5556476708452223,-17.995100352964915,-20.273884911039854,-4.947417191900422,-6.638627616036909
2020-08-01,-17.04577570058827,-13.237980406271511,-15.964031225694391,-15.71244770321715,-0.6114533836586632,-17.888813758267236,-20.380725585294993,-5.0367922931542966,-6.722791114991028
2020-09-01,-17.18515321415432,-13.629827192222937,-16.237500032177568,-15.907026060660355,-0.4152044292665983,-17.958047328128764,-20.55591040952601,-5.193887649139846,-6.772652477955591
2020-10-01,-16.951590160503805,-13.464257714408024,-15.992279439692584,-15.642575587234008,-0.07626401894413593,-17.672104521130795,-20.35691543238666,-4.995726747898746,-6.601427688178606
2020-11-01,-17.139189560027305,-13.715857679924568,-16.10296379274202,-15.745334991765008,-0.18226098368868843,-17.86793085089216,-20.601107362287454,-5.180894393188457,-6.905996291573198
2020-12-01,-17.23075027952705,-13.55282839765772,-16.42926304774365,-15.82940670980064,-0.32688351517335257,-18.25865609278782,-20.53998899734269,-5.283201305966226,-6.814604035587414
2021-01-01,-17.351457535969367,-13.810937306950905,-16.555918789735873,-15.94352707169063,-0.37300348559399293,-18.355915324124737,-20.79877974000836,-5.4715781426062735,-6.690830292887265
2021-02-01,-17.365562988228188,-14.030430768898665,-16.693725855987847,-16.08340480529902,0.13960950182510595,-17.938847098293476,-21.280265388461782,-5.561217926418513,-6.665051430134414
2021-03-01,-17.52810262441964,-13.956802923455465,-16.615372653539826,-16.11868170865049,-0.08910835339546846,-18.35541065355009,-21.39568587658502,-5.829802565806413,-7.052786126217448
2021-04-01,-17.5292850047679,-13.719869124757004,-16.550509974219963,-16.16970231658698,-0.00507096982330886,-18.58143599399646,-21.618367528243688,-5.80021432989437,-6.977939666464534
2021-05-01,-17.772595229720594,-13.982291917934916,-16.90304948742485,-16.507235262907987,-0.2637452779979545,-18.771736369329698,-21.391079086880055,-6.146604107671275,-7.4038501934611265
2021-06-01,-17.937486237664633,-14.373515563434314,-17.12229351003563,-16.806641298672623,-0.5652794554422578,-18.868033481185535,-21.55527146456663,-6.121202694218589,-7.276482299604599
2021-07-01,-18.04120648146708,-14.364830371019073,-17.28875948191578,-17.019148418543445,-0.6170839834112545,-18.69882238142284,-21.653163648872418,-6.338966348417949,-7.53770708397697
2021-08-01,-18.170864205385932,-14.833677079712977,-17.537464065692696,-17.366745846079656,-0.6605078800391864,-18.648902904322558,-21.459340414546304,-6.540878655788388,-7.508226662748806
2021-09-01,-18.269845712478368,-14.878247122797589,-17.485900190195483,-17.456892226744767,-0.7030040418130648,-18.957703177885108,-21.55920832971962,-6.4956042475408715,-7.811036228973561
2021-10-01,-18.36133440075476,-15.186816644325779,-17.71675588830659,-17.147801824615843,-0.6148503835883083,-19.421662561065745,-21.466295427361473,-6.323337133751164,-8.201985208866294
2021-11-01,-18.298694386299825,-15.17651508892614,-17.555723619134486,-16.608135146429962,-0.5150166676976125,-19.60010178226515,-21.4953757066682,-6.266176904439351,-8.361340040680822
2021-12-01,-18.353766098779655,-15.26082898390122,-17.51286322140102,-16.59202621417696,-0.5932339868056147,-19.741184997517042,-21.643050675910533,-5.9991725999333285,-8.67659797643464
2022-01-01,-18.151199573870525,-15.144140626896128,-17.29589994123914,-16.335024663423567,-1.0069900991045178,-19.3592990411282,-21.191514861177883,-5.867867668628498,-8.197689555209397
2022-02-01,-18.003576175681946,-14.990754830148276,-16.907785281188154,-15.861288549614661,-1.257748655324953,-19.225775296300668,-21.07670077096672,-5.80402907960039,-8.09335680815489
2022-03-01,-18.512782136369964,-15.45045859598601,-17.361776874744134,-16.47201413803109,-1.6077505345900596,-19.82365873567653,-21.628462264801893,-6.2696568113203135,-8.677309001652832
2022-04-01,-18.671578352603493,-15.61276637338431,-17.5173409057589,-16.279988748840786,-1.9310030663284614,-20.326824936123735,-21.96426516699655,-6.023987515242523,-8.905279973995842
2022-05-01,-18.822292794569663,-15.50746425079473,-17.909322308912824,-16.232772845833157,-2.126487760725339,-20.800466448792218,-22.03735155511622,-5.727622044774728,-9.425685007451257
2022-06-01,-19.010537560742552,-15.682169180024339,-17.87843483830738,-16.211767864137887,-2.4070029254098437,-21.179041320646327,-22.182857771602695,-5.888596270320578,-9.84326018133453
2022-07-01,-19.172774058151962,-15.600376140694413,-18.035136105641875,-16.355560404330543,-2.381754310432683,-21.271009575702827,-22.520580077150672,-6.177307181050405,-10.22929853605544
2022-08-01,-19.099824065634447,-15.428317206594171,-17.874782235957714,-16.21452717429852,-2.4675496411340703,-21.255955314734994,-22.357104462856913,-6.22205302515446,-10.167133330187909
2022-09-01,-19.184489817024296,-15.297223652201367,-17.90072654241788,-16.35921542806831,-2.643634706439621,-21.16193784950518,-22.703168258924812,-6.587922936587191,-10.010919027893184
2022-10-01,-19.272938264718885,-15.166667611707082,-17.920306362465716,-16.46478349396461,-3.0985801458728828,-21.226165853325213,-22.503506763451977,-7.030982015686827,-9.96134373711994
2022-11-01,-19.305249355657068,-15.12239623677281,-17.828881830895597,-16.46453796738113,-3.124987635055207,-21.30931091818149,-22.878096206077462,-6.938357555185363,-9.964256361550659
2022-12-01,-19.339990632675267,-15.174090841542501,-18.156759971686906,-16.73634737782716,-3.2639236522212034,-20.987422665240473,-22.60514108430663,-7.4078907776888405,-9.577178556731603
2023-01-01,-19.516381085419063,-15.420392139436636,-18.49969443643857,-17.114782658457198,-3.278307748703075,-21.112909970938972,-22.76010370002563,-7.75812593315979,-9.375561962035821
2023-02-01,-19.745984781197855,-15.736410615197542,-18.421051427447146,-17.477736546482802,-3.785593708852879,-21.25353701607556,-22.857056396987094,-8.098983650117107,-9.526338754265913
2023-03-01,-19.887258893720865,-15.771139928980507,-18.295716489764096,-17.47398573449333,-4.086250835596013,-21.490787461403066,-23.04312467338021,-8.264548458815298,-9.861347433177603
2023-04-01,-19.951461858107717,-15.844440419849589,-18.10706795799487,-17.629306265060652,-4.316423412339462,-21.41518070667328,-22.90542662292971,-8.281178501244899,-10.30150084461248
2023-05-01,-20.218504882516747,-15.99983669989399,-18.468962708486142,-18.161886280394445,-4.432934167116012,-21.638144636744293,-23.23466886718933,-8.67239753570693,-10.328038030446042
2023-06-01,-20.290514296666696,-16.140199171910517,-18.428586921218034,-18.14913608459125,-4.466276460351939,-21.72366422033345,-23.659792143208417,-8.631637804384548,-10.313651433178629
2023-07-01,-20.409816670302366,-16.1929659759909,-18.559348765134402,-18.394715993822388,-4.450517789460813,-21.84553520155886,-24.040797907897502,-8.742928692169999,-10.240552902227291
2023-08-01,-20.60440125464956,-16.195653064717913,-18.577551164653702,-18.47776637224563,-4.988796434587148,-22.09896134281811,-24.47175562386849,-8.92977704415505,-10.283778855993663
2023-09-01,-20.580880837227163,-16.14414624575108,-18.61130527580445,-18.568893828602086,-4.3590087940624915,-22.18568247851175,-24.464327126523575,-9.250647011558632,-10.251865802846464
2023-10-01,-20.65925690073216,-15.926171088337014,-18.135893151831624,-18.761729594914033,-4.959743234587607,-22.43639999065572,-24.8116878458029,-8.887039088676971,-10.544221076894626
2023-11-01,-20.78651344791495,-16.04813157334958,-18.226947701145743,-18.748719958059308,-4.998815800729907,-22.83588817758957,-24.97223010578452,-8.8494181990235,-10.800785933480688
2023-12-01,-21.127283212559988,-16.664292741376524,-18.805909842449406,-19.313223533543944,-5.044497075194205,-23.16255913953101,-25.186844720143128,-9.08803174968428,-10.941736764400616
2024-01-01,-21.269813401008374,-17.077785380676136,-18.629096780052055,-19.479715716325202,-5.271934740574713,-23.13372478025653,-25.465032830652078,-9.514279930412838,-10.77576691496065
2024-02-01,-21.4970117865507,-17.285189522049844,-18.99517091711675,-19.707513609412885,-5.535447184309135,-23.49660133044523,-25.544353419426084,-9.8328212557193,-10.767826919769579
2024-03-01,-21.53159906151954,-17.467546363445443,-19.074741436722572,-19.74347162672123,-5.491043471694649,-23.502564991648246,-25.45604386594252,-9.90859278544669,-10.797617816378164
2024-04-01,-21.7840355033733,-17.64234605220029,-19.317240488104172,-20.066925577415475,-5.7435872384631965,-23.773067856227467,-25.809484888399826,-10.08869224925562,-11.019769542763548
2024-05-01,-22.191206170962005,-18.053750981223452,-19.904392273846867,-20.518317409539588,-6.19796888862477,-24.14302735052337,-26.07917445811934,-10.676367371350462,-11.145480500311375
2024-06-01,-22.550435051824717,-18.67681000213031,-20.30669978576278,-21.110993118512287,-6.557093155681756,-24.54378617274016,-26.532878533403867,-10.542012535250137,-11.32203697695962
2024-07-01,-22.692710062590372,-18.90957148076172,-20.554584443522565,-21.322452345622395,-6.635922126783342,-24.651727870814977,-26.701978703142064,-10.71524918266208,-11.239024213257002
2024-08-01,-22.784304240927426,-19.126526068667335,-20.68629388400103,-21.387999289468993,-6.60472589665393,-24.781332633108406,-26.78545621137871,-10.87169856052071,-11.219231249463464
2024-09-01,-22.35173657805757,-18.404283805222498,-19.87695849858649,-20.62526550557905,-6.725961656358113,-24.846198544256403,-26.405582425929992,-10.212580027424016,-10.905892026947154
2024-10-01,-22.451877517567493,-18.681522894065008,-20.014874722202585,-20.737406857198078,-6.41196652099316,-24.994910412273438,-26.487959908270962,-10.170651830893732,-11.304556860486143
2024-11-01,-22.512929687534143,-18.816274199171495,-20.055540987222635,-20.712700995513167,-6.502137569367639,-25.03345780205383,-26.39851843434909,-10.258628432866589,-11.515008945571882
2024-12-01,-22.630195303318565,-19.17774426967321,-20.264782009537072,-20.849860107734933,-6.507959277396998,-25.08329772123889,-26.427074195853034,-10.280453581791452,-11.639221129166131
2025-01-01,-22.545262439713692,-19.202944789573348,-20.173463937152498,-20.722421038945104,-6.272371385421394,-24.95340566794453,-26.194699996246264,-10.180173501917475,-11.851449066352115
2025-02-01,-22.778027645812124,-19.50891888938513,-20.52737945320842,-20.958875151141783,-6.524185738397412,-25.08446737863479,-26.329906481056707,-10.310323225445313,-12.168994715070617
2025-03-01,-22.905541456672577,-19.96325182729706,-20.765884216116554,-21.214783085737963,-6.328971172890942,-25.074978127039277,-26.372535600288522,-10.642798009951756,-12.06995947990173
2025-04-01,-22.947900963295858,-19.651082952342982,-20.416271295583247,-21.429068490723267,-6.737498246105449,-25.157039287952564,-26.439352421327634,-11.031331066549896,-11.910393811625028
2025-05-01,-23.16925646959627,-19.827438436578934,-20.5008391648803,-21.429470753459782,-6.681383920869562,-25.559399212615364,-26.778079292308945,-11.55789488173954,-12.208375960160941
2025-06-01,-23.297827867421375,-19.932347943120593,-20.474655713043433,-21.664496289226108,-6.702169117902497,-25.697012870351593,-26.87202060051865,-11.877010465532797,-12.35173980551855
2025-07-01,-23.31232953528685,-19.62813253958353,-20.602857654691846,-21.72437591026536,-7.05064900486043,-25.58888703332151,-26.87193351135541,-11.822281132035554,-12.398349362024383
2025-08-01,-23.274181291958183,-19.96435546615698,-20.71547885378207,-21.63688907600475,-7.229045153438645,-25.2665716482752,-26.416365405025434,-11.923891322474239,-12.229683276351379
2025-09-01,-23.449392869516238,-20.029974385461863,-21.046726910574513,-22.02538613421143,-7.502852783513067,-25.450496063039832,-26.579982566657353,-11.755368497456441,-12.39318548105865
2025-10-01,-23.39982324701826,-20.1544344434329,-20.723307020836668,-21.84405311920504,-7.59994375646082,-25.465365518527,-26.466241951756977,-11.847964807771818,-12.28610522399811
2025-11-01,-23.48081716481377,-20.134011795452444,-20.63163581091038,-21.829951189280447,-7.621318821512029,-25.57460753031607,-26.558519429599535,-11.869118959259167,-12.816203648023343
2025-12-01,-23.23081716481377,-21.134011795452444,-19.63163581091038,-20.829951189280447,-8.621318821512029,-24.57460753031607,-25.558519429599535,-10.869118959259167,-13.816203648023343
