date,"tautocorr(signal,0)","tautocorr(signal,1)","tautocorr(signal,2)","tautocorr(signal,3)","tautocorr(signal,4)","tautocorr(signal,5)","tautocorr(signal,6)","tautocorr(signal,7)","tautocorr(signal,8)","tautocorr(signal,9)","tautocorr(signal,10)",tcount(signal),tmean(signal),tstd(signal),tcount(label),tmean(label),tstd(label),"mycorr(signal,label)"
2004-11-01,1.0,,,,,,,,,,,2,-0.00574320935,0.00140941135,2,-0.005524855606731107,0.005581719990876593,-1.0
2004-12-01,1.0,-0.15197204999377342,-0.1262627788292593,-0.1801897387520898,0.10613110135448177,0.2940457682332883,-0.44283944079946574,-0.08231116206007018,-0.09079461304220271,0.28367273593582476,-0.3105391374836698,23,0.00040252811826086966,0.007825142539261695,23,-0.0018474298696023956,0.008217580033455359,-0.19781662579278148
2005-01-01,1.0,0.09417117836168847,0.347088403214252,-0.019773224162646277,-0.16406926333388777,-0.006721422880538024,-0.25219985721929605,0.03734029810089453,-0.10668288389808936,0.19543310391553118,0.04367063408926309,20,0.0040376732099999995,0.01623712550441856,20,-0.00174967142397345,0.012015590399956923,-0.4668465759362903
2005-02-01,0.9999999999999999,0.13627800317170724,-0.26950528732828205,0.10164783383824992,0.0006406616192564642,-0.34892834692628805,-0.3319561936983323,0.21103924107366884,0.39148616382522095,0.11899032493159956,-0.06165812912777108,13,0.017874463194615386,0.023369206572203982,13,0.005043333957839947,0.01851517569385021,-0.10517682236774545
2005-03-01,1.0,-0.19936653790852985,0.2800005699387633,-0.02222100838871423,-0.17896156370708868,-0.01934288642392737,0.022463504953848114,0.5247660008705608,-0.060270572122131244,0.09583140947750281,0.2158300251516833,23,0.005306080260869566,0.012399152214576657,23,-0.0038274786066837,0.009236658753831119,-0.033715169897170494
2005-04-01,1.0,-0.11042042371286105,-0.048666051285974836,0.14710754462956993,-0.07765794557704397,-0.2703458793616364,-0.036244875057184406,0.07265377629014032,0.017320892865425278,0.10866800916969209,-0.18097088964541924,21,-0.00016274109999999984,0.01108776533454085,21,-0.000356829149010343,0.013843018570728498,0.14387110633008782
2005-05-01,1.0,0.10237952613715666,-0.319446933011677,0.49014208624560135,0.33492866757579176,-0.2570191512520473,0.0892692428237844,0.3142483699941229,-0.1599048508013612,-0.046675833773591434,0.4404428965131482,17,0.0024335125235294118,0.00813859254292381,17,-0.004545744420116335,0.009406335547856758,0.1559579822124188
2005-06-01,0.9999999999999999,0.21315447394697637,-0.12656841213928566,0.14083050916150702,0.3448533758519619,-0.005264360266616205,-0.2207121886187129,0.039086856751207766,-0.20758174946907826,-0.20333894629820598,0.004038099714137693,22,0.011291815737954547,0.01209485500417258,22,0.001691788323966468,0.021223835008570988,-0.20228185952246333
2005-07-01,1.0,0.21349098004271214,-0.1515580254949745,0.19390096586743674,0.05798209927907278,-0.2746720375617114,-8.070150496271514e-05,0.09289942856552146,-0.3272699880058079,-0.18221479787908018,0.0648787652818622,21,0.0024957097119047613,0.0072826223704929504,21,0.0018411647591822812,0.011538836111231498,0.051367028950176086
2005-08-01,1.0,0.10103877055242863,0.11273720892073451,0.1259486201739869,-0.27402995421728754,-0.004080947367092554,-0.004007365570968962,-0.01284051266830175,0.07401805354443002,-0.22803703795963015,0.0073884663800013,23,0.005985939952608695,0.006640001565776689,23,0.001523827444998491,0.010566252087175482,0.3185330019909991
2005-09-01,1.0,-0.06045610284996786,0.16139177630938822,-0.2340451421803145,-0.04248710076479585,-0.2950197389809598,0.05350582324996491,0.09341615983244692,0.0432715092283487,0.09128404210122104,0.29286423025538366,22,0.0018574364209090906,0.008996408811013951,22,-0.0013046698198447319,0.009083782704290598,3.574729679915306e-05
2005-10-01,1.0,-0.16038269117823792,-0.18058240071695303,0.23199493582133585,-0.05714867516576376,-0.1003301006554498,-0.12363345236327417,-0.40633703637775187,-0.012504175729218405,-0.12311581558675744,-0.3135846609822109,16,0.003344323958375,0.006534301218266674,16,-0.0027702890669660625,0.008468790733410588,-0.25829137367729665
2005-11-01,1.0,-0.11928906256105151,-0.14117615009149054,0.014251035850072594,0.2869336187992157,-0.22954413876343324,-0.11895218614158247,0.0011295558321418233,0.11977126755794125,0.07861432629659541,-0.09169440069865191,22,0.004662129994999999,0.009765236786517759,22,2.3342712828449697e-05,0.008590996702587693,0.2081840704125698
2005-12-01,0.9999999999999999,0.17057583562074985,-0.37819121756877794,-0.13841731013564917,0.1458877520205911,-0.19779439620801076,-0.33259135390206973,0.01202617687686316,0.1403991743945268,-0.17924248351225247,0.05064832470031907,22,0.003842289895454545,0.013280581015708257,22,0.0021486408891373907,0.006068362917882278,0.03713932762736185
2006-01-01,1.0,-0.292890220828888,-0.10001613456500107,-0.22361878399870636,0.10602680327641363,-0.08691469058584202,-0.3604081796028001,0.4583395597879826,-0.32971202883672085,-0.07571641596414734,-0.04754351592029556,16,0.0121706049875,0.009433794048982832,16,0.0038492072510546635,0.010397609611037537,-0.23964084891155682
2006-02-01,1.0,-0.3014658590672545,0.25433982427273416,-0.19599659093419744,0.09735162029168731,-0.01583851993849199,0.1437721758714425,-0.18829190868385792,-0.0007810855268018085,-0.32251831836460354,0.3076886196337682,17,0.008719989731941175,0.008036032704876123,17,0.003105041430367932,0.008403843709312154,-0.1192195623969177
2006-03-01,1.0,0.14275537661568716,0.12272371942859284,0.05864418598510698,0.19484520782491305,0.018960380204871105,-0.27218478306274063,-0.18999491916103559,-0.19207453068635555,-0.09962446360687634,-0.2206525822189434,23,-0.0010686072852173912,0.011220742554476665,23,-0.0007133337111563565,0.008290252743049956,0.1420463295220925
2006-04-01,1.0,-0.39233369012462227,0.32340503704164036,-0.07409075171933434,-0.18844564947366357,0.0227777996691993,-0.21165242715744034,0.144105568366437,-0.02603702333619039,0.10285802444741556,-0.02569141173381074,20,0.00968159192874,0.012600055007726268,20,0.004674503675183705,0.01127884007497831,-0.22307431137327227
2006-05-01,1.0,-0.21681481601055297,-0.0691190220816232,0.05675009005325989,0.09054756558943484,0.1442944812709855,-0.23101137741776073,0.1455252711846538,-0.06628802590230227,-0.3902750789069658,0.12258719033464616,18,0.020539485416666666,0.015750600898867928,18,0.006227900911186228,0.018734202193521045,-0.4913826674257712
2006-06-01,0.9999999999999998,-0.1676045983592748,-0.21111043755474784,-0.1657426106021878,0.24138484495913318,0.18621880833856144,-0.019218173572167402,-0.16859829300204082,0.06668005391542253,0.15246640868483152,0.2005073912227097,22,0.004991644657727273,0.007965557127476212,22,0.0009934904405923593,0.01609969198227688,0.12869346197802353
2006-07-01,1.0,-0.17148019309291718,0.2526815225559173,0.20239382873573128,-0.05263781246001156,0.21969329117399872,0.008424477931778787,-0.32509403166287076,-0.05444936706489089,-0.26329559791969126,-0.24652149918896066,21,0.0013649773021333332,0.005723434739660125,21,-0.0036871342290751043,0.015216688427159982,-0.025303717435082123
2006-08-01,1.0,-0.30600652006245455,-0.2552004530062179,0.23986944907951133,0.008019119487097751,-0.3616850638871875,0.14627774136287275,0.1746762224190091,-0.4793752719918324,0.39350155560192773,0.2541563347936237,23,0.0018132923369565221,0.005354284784757314,23,0.0011784769109871274,0.01041140420982636,0.2931049239578106
2006-09-01,1.0,-0.18662622708252252,0.15571398481461954,0.013883907829009097,-0.18780711038817127,0.35293671140007,0.2330358744797237,-0.3103968777689602,0.5374946543249809,-0.3752866247182313,0.11258967854741966,21,0.0035279887809523806,0.009982614300635642,21,0.0029553842141651476,0.009208185864425122,0.3589655141831223
2006-10-01,1.0,-0.22381205332278944,-0.3700478385936794,0.0762834918064412,0.6859957631018784,-0.535952747514663,-0.19361618143924592,0.1319729855085236,0.2780586977032321,-0.44311197144369596,0.3423087965113223,17,0.011709642066882353,0.011662821090343192,17,0.003980886248175571,0.012773975223140383,-0.13519240704141863
2006-11-01,0.9999999999999998,0.2030063806003723,-0.31498591358211425,-0.0010852436430266552,0.20220448160872861,0.028060992714595043,-0.012084372991019648,0.22237813016026756,-0.14762443139507303,-0.21685329899846634,0.0444536200956424,22,0.010399767099545452,0.009405216168197544,22,0.008052007665587804,0.013023460130414296,0.2596523089398792
2006-12-01,1.0,0.25981534947398655,0.14555923048378946,0.0562387548805269,-0.16966913893218102,-0.47629500804022257,-0.46387984689521095,0.03567013649410839,-0.11440267767853349,-0.14077504152627046,0.28322534161190444,21,0.015615459081047616,0.01164821889832639,21,0.011257769090794281,0.019062303302896103,0.21638051478899537
2007-01-01,0.9999999999999998,-0.20662370214804496,0.015928783018931584,-0.4537495926100158,0.32713310775514864,0.07533418706851937,0.05632889544525402,-0.07492968607343074,-0.005283866264161357,-0.11056775583240706,0.18622103058497572,20,0.015078133244999996,0.009517404648421946,20,0.006426298829987293,0.02796311062234489,-0.2014839773207355
2007-02-01,1.0,-0.46661444711170136,-0.1079104920353329,0.2102090688872604,0.08090102245079309,-0.3090189277730645,-0.08952420187286347,0.10676495928622871,-0.234743633050712,-0.2428073120140128,0.10905671254939259,15,0.002725834187333333,0.010750186533150876,15,0.0013921462981721607,0.03526504933326914,0.004851871745979196
2007-03-01,1.0,-0.3608151775437462,0.30667837119351904,-0.38352035918700217,0.05665958183920016,-0.2570069683700157,0.12277524684300843,-0.2644302568309102,0.06891465130002383,-0.057126269578361005,0.07231391034301761,22,0.00017609637727272713,0.010026068589998586,22,0.003984145916456714,0.01593245963430718,0.10272820494982218
2007-04-01,1.0,-0.0839463413302814,-0.013674625722280224,0.01677919275585671,-0.1974683814014343,0.01070211004234308,-0.05973426340441776,-0.001973193491067042,0.017446296920913415,-0.4746941945815872,0.14987518642914222,21,0.0035111167238095244,0.010862549953023227,21,0.008888211198930724,0.01774854185456437,0.20716312493123745
2007-05-01,1.0,-0.08626250126469251,0.04325222289886419,0.053747380566755376,-0.0003486444766194399,0.42433146170943953,-0.2128603861415469,-0.022799323395542477,0.270515822673165,0.03689914649826624,0.12945045474609873,18,0.004286375716666667,0.007651938945723889,18,0.0035606269538680283,0.0226517954294082,-0.4226506208004929
2007-06-01,1.0,-0.03137367122618896,-0.25813957604671356,0.10231824170756779,-0.4276009921089503,-0.21598017054334237,0.509494153574044,-0.09484672791743885,0.10007519894135625,0.346442293573721,-0.04662524155930691,21,0.0005928329695238099,0.012254185112989095,21,-0.00039827441599893837,0.026358443596774726,-0.31295557855083556
2007-07-01,1.0,0.34742464920338506,0.03903942221354226,0.1800638739770909,0.41524271131256524,-0.028603713404065784,-0.2128929825402004,0.4812004680047956,0.15052556519574012,-0.09633622204814857,0.30722460028031756,22,0.0035973725754545453,0.009081118435668485,22,0.0068730355662142304,0.022202583988802278,0.22930935155920126
2007-08-01,1.0,0.16073532024816817,-0.1204938915266957,-0.03069942232102874,-0.1915459992279809,-0.5078497222704687,-0.5699918757119997,0.036740807369851115,0.019564514904941974,0.20848167117403077,0.5463191401618963,23,0.0068079224695652175,0.009113602878404941,23,0.008772645815915607,0.02123263060311242,0.0151414788667134
2007-09-01,1.0,-0.23879543056881572,-0.0872446302189196,0.27826012355086155,-0.127868956151394,-0.15960007070086396,-0.5845676743831387,0.49966802119152676,0.062381814777303694,-0.2651774114110755,0.4317426472829365,20,0.0041380839935,0.007064813484391439,20,0.0018594909865379053,0.017836038392027753,-0.3966754090107029
2007-10-01,1.0,0.30327359613417026,-0.2375093553570676,0.09399525470627608,0.2032280989105487,-0.006110571344914403,0.03422901802560132,-0.014555275637518345,-0.23312175942715824,-0.06875513382826942,-0.23232378518487729,18,0.001025649894111111,0.01112542450794622,18,0.003985453026600156,0.020064488518536726,-0.22606314507529776
2007-11-01,1.0,-0.10305973679298382,0.1377069774669993,0.11564879187811263,-0.16819068554131736,-0.08382299001438961,-0.03789395183635426,-0.09679927415429745,-0.18111464391747986,0.16085689594490374,0.01963160636319359,22,0.0014696097674999997,0.008232900705001822,22,-0.008007022400300755,0.0229682692209997,0.21251219507837227
2007-12-01,1.0,-0.049354930347484505,-0.3679992931843111,0.11706666007371103,-0.08679586981158795,-0.1200890138472901,-0.1357283597968705,0.2596415799053297,-0.312698559556151,-0.2299893984053525,0.5533165612640168,20,0.0018982416000000002,0.006358765770470837,20,0.004275648172705825,0.017292585004971876,0.14359328289946505
2008-01-01,1.0,-0.07896846389571381,-0.5607335513009271,0.12454148608668263,0.3079077927448082,-0.1464001925435323,-0.22896158096455235,-0.18637772928434568,0.24818353871574256,0.20686769750822798,-0.20840433710122774,22,0.004622850372727272,0.008163002027777002,22,-0.008603056181489113,0.028508148835532748,0.2127994180188472
2008-02-01,1.0,-0.2810611906395092,0.06789279490554848,0.11429674893518084,0.1285802805357041,-0.4231392514463794,0.1962378387611678,0.031141508044729718,0.32643566866314505,-0.33277994347220546,-0.042825295778992974,16,0.00135063443125,0.011848703652682178,16,-0.0004900635280667004,0.02983270676690134,0.10561757569809044
2008-03-01,1.0,0.02148476390375058,0.01042953666112566,0.019104200165109258,-0.034146479764260586,0.024508922365902294,-0.3704632664146235,-0.2214171133306751,-0.15250307184420406,0.10030254346911122,-0.4273657799436893,21,0.0017421147795238102,0.0076291212684977214,21,-0.009818107248634468,0.02746569498242754,-0.1641250942167372
2008-04-01,0.9999999999999999,-0.10072414169199594,-0.5042882661044576,0.2749066855382423,0.15613895468308425,-0.16634750802483575,-0.23738181984950887,-0.07015185464346355,0.31336315430920675,0.06745888943875981,-0.2444170181684465,21,0.0028317090285714286,0.010659855217515515,21,0.004831268159760376,0.0371139198566936,-0.0321204573400368
2008-05-01,1.0,0.20273582356561948,-0.17120198983605825,-0.050563274283101964,-0.07543738792652045,-0.1783960574341411,0.1640586234784082,0.4297206356509702,-0.1653616544017817,-0.21902667843898202,0.07925709496082421,20,0.005215490729999999,0.012782232950712319,20,-0.005485117428221016,0.02306872590070637,-0.03257362249224843
2008-06-01,1.0,0.18126197525437104,0.023211366836417516,-0.20134440873202641,-0.39287485724748006,0.0180256432461195,0.3889231517267841,0.3545299839542617,0.2486269760774631,0.036235711584077665,-0.01933865912669789,20,-0.0038967625595,0.0072067364363625885,20,-0.012629621762710836,0.032117653737611544,0.08753644295941915
2008-07-01,1.0,-0.10356494569474375,-0.08234726266138052,-0.012893291017446205,-0.20781950597800897,-0.18841964686982487,0.05938573389067956,-0.29768775124161767,-0.09757342493694293,-0.11238263159006191,-0.20732760057281094,23,0.0019443100334782608,0.009615205525641294,23,-0.0002310328744195179,0.026239338813406593,0.08155951452624112
2008-08-01,1.0,-0.03416085637714322,-0.32910486460739186,-0.09429699082337036,-0.1890201055229432,0.249834646205498,-0.1457282620359153,-0.2084223734913889,-0.18108718130649787,0.15910359380406427,-0.04791794024865396,21,-0.000458320511904762,0.006273403238965867,21,-0.004342814684605205,0.02720093734355094,-0.42805584023722093
2008-09-01,1.0,0.534557568967203,-0.0909477182492275,0.03698875058601537,-0.17512721677287424,-0.3045368350213445,-0.28013013280004967,-0.2582207096187719,0.05819145883011459,0.20652356569226674,0.43879682750332044,19,0.0018920975928421056,0.013283467006700654,19,-0.004564700928507641,0.03763919434752404,0.1350211919349904
2008-10-01,0.9999999999999999,-0.4598178815808734,0.12171711064307209,-0.02998378338294491,-0.1912011675943377,-0.01684176071101131,0.03779378151165739,-0.07671698441403411,0.20211070614059276,0.3094897238364421,-0.2846362662817346,20,0.00559628908275,0.01376030491060193,20,-0.015530939046977481,0.033000270808621605,-0.6020654345061643
2008-11-01,1.0,-0.15431621973372125,-0.016735330330834294,0.18193881857269317,0.14791731868117478,0.08340669357176478,-0.31794945720773005,0.2854408455115231,-0.4757494160220881,-0.03327886132321992,-0.22497576969918182,20,0.006807054439999999,0.01171482873988753,20,0.0030481969638875396,0.0343858374383413,-0.11505524572100177
2008-12-01,1.0,-0.06495097280826594,-0.14422942309528144,0.12184261891473785,0.14498034235023402,-0.2340898295153473,0.13587436759468613,0.25818212258679885,-0.11611105709969369,-0.4957184055387185,0.3527999710179071,23,0.0046018664267391315,0.007402173122444729,23,-0.0008163872008280567,0.024026397678180825,-0.04028348022338245
2009-01-01,1.0,0.3461636679691626,0.20213380631465303,0.23836187786919208,0.5868403653121467,0.010927006759104027,0.2623533500595989,0.30991954018933343,-0.1896803130860526,-0.6225974460600225,-0.25348010744461236,15,0.0032805309180000005,0.0068857308032780696,15,0.007001550184217381,0.019595594014377164,-0.11086942929693061
2009-02-01,1.0,0.3287088100983377,0.013600376811259115,-0.21023514896156967,-0.44789253628138154,-0.16994004755344935,-0.08645785624920693,0.26241224193450013,0.2670727587282514,0.24514879077964014,0.34226708968227226,20,0.009828039635,0.009012811631614439,20,0.0017169480233906408,0.026753479688565982,-0.15280563683051884
2009-03-01,0.9999999999999998,-0.40158545611876273,0.43491667198496803,-0.17931453508176087,-0.13246907104234754,-0.15732138884270352,-0.007400293974355315,-0.10394957118364669,0.10142664568452589,0.06936388563821021,0.1706085920002381,22,0.0089781269,0.007996356783190123,22,0.006339617809280453,0.02085875361993777,-0.027323801689777938
2009-04-01,1.0,0.03202471920972961,0.4747749419388914,0.37418329816790674,0.03709437803605632,0.29817730821364963,-0.05468527376556286,0.23513413253988466,0.2676135794882534,0.2665143556038424,0.001157920145371199,21,0.0031164918828571423,0.008381175311002033,21,0.0016723429929387421,0.018474068299596795,-0.04187351471835705
2009-05-01,0.9999999999999998,-0.15944464162117397,-0.18232953079627448,-0.024420227306364655,-0.24252845694400652,-0.04057466010038838,-0.0702814783996656,0.08191612644769353,0.09815912280528073,-0.47001246015149023,0.13052604234059587,18,0.004218770188888889,0.007954522646204179,18,0.0027327491431455497,0.014251716910671354,0.11064147545724073
2009-06-01,1.0,0.33954210849481103,0.04828761391336789,-0.06640067766960499,-0.1904088421115481,-0.3367655016023544,-0.3596025785236723,0.07270489983947676,-0.0030362356482806414,-0.2692094837163914,-0.0045903845203886144,22,0.0031822984499999987,0.010501651388138772,22,0.008122769064578022,0.014047442794836254,-0.18058157507080766
2009-07-01,1.0,0.36474490560899453,0.1420554311668697,-0.22351502027215706,-0.2649336551917818,-0.45040866127807216,-0.2181196403657506,0.10758303640096802,0.039808829474723924,0.07498934124351442,0.12237340889054663,23,0.009950727191304349,0.011337521594748712,23,0.0073110813928608616,0.017915992229534286,-0.17008654637406923
2009-08-01,1.0,-0.230280612641532,0.09339189881486279,0.17173801540464417,-0.09398994608977913,0.22106048198090605,0.01091485569905706,-0.32746692029472096,0.11558093649287676,-0.23636031971451424,0.04505302542612237,21,0.003612618666399999,0.011648948573858372,21,-0.015212306952027733,0.027805681424904437,0.08769950767589693
2009-09-01,1.0,0.35642547885081344,-0.062166200022905474,-0.1076594871097264,-0.25547453205938264,0.06056260794220571,0.02843487685749351,-0.01652336737313677,0.2588992447536673,-0.11030872694872539,-0.0027891068546563335,22,0.003842584920227273,0.009265844762074503,22,0.0032526990132884875,0.02004535341220887,0.12719203117757605
2009-10-01,1.0,-0.14371500009215016,-0.2596870609850134,-0.18393887666819822,0.40913861989871503,0.10621893569162197,-0.2880407688083084,0.08669348895220312,0.1265052651078821,-0.38716505941478424,-0.2550036805029267,16,0.00223703826875,0.004956563212670427,16,0.004856040992814356,0.01838734669833079,-0.2750684994047677
2009-11-01,0.9999999999999999,0.41595133669611367,0.08372539711737531,0.12048382656953142,0.22412889643097378,0.19322661326841653,0.37070685643456136,0.20741937542134625,-0.3558961085560199,-0.07352996123701407,-0.011566483323112203,21,0.005369034900000001,0.011318778276670284,21,0.0017983980590251835,0.018446178762589405,-0.48254748819592735
2009-12-01,0.9999999999999999,-0.11547255507111685,0.27857247946139435,-0.039836277083152724,0.11816645950208436,-0.016320364068914295,0.5002314299026083,-0.12290989932296209,0.36343054516778184,-0.09049639276853139,0.07719829814602393,23,0.0032201105260869565,0.012577944755222423,23,0.0014950025689391563,0.016000053415228716,0.04543343132974392
2010-01-01,1.0,-0.0799287294340866,-0.5458973736790207,0.20274729701564734,0.18648385495039704,-0.21672505712347306,-0.1248998739548238,0.09801275282040198,-0.07334650868095657,-0.09040841768411141,0.14647253308288025,20,-0.00028707190100000005,0.006967527416080545,20,-0.006466345734295445,0.01455275299556959,0.34006840929951704
2010-02-01,1.0,0.40580101812696634,0.18256014434293616,-0.08944075446430473,-0.03725191590457538,-0.32717152757728807,0.1273059353969521,0.49093824812297093,0.16872622292641284,0.2550590528927618,0.23973981790594648,15,0.005794850972333334,0.005563803130992037,15,0.0008950383534427664,0.012871955540005088,-0.290839305072261
2010-03-01,1.0,0.34650441544720517,-0.15906345693629398,-0.24914575679578901,0.14226109041115592,0.1559910061100407,0.23626574115890842,0.1895043993478052,0.22791620679334945,0.001052865864587994,-0.13262542630837906,23,0.0002479627678260869,0.004941680892078859,23,0.001438395514697257,0.012007509316288202,-0.17913703999226227
2010-04-01,1.0,0.041724307490500157,0.09445368326144339,-0.06902219720260586,-0.5055407176098753,0.12861187063617174,-0.10603309333227792,0.0002335683000974015,0.4092339151863278,-0.19728826524808082,0.18235275143559596,21,0.0014514075380952377,0.011684000995557884,21,-0.004264390857242886,0.01507503122501029,-0.016193642990920052
2010-05-01,1.0,-0.3411530622155721,-0.08713614808525792,0.15233448037642439,-0.07979963865682485,-0.12895600100683338,0.02029931581140252,-0.16614311008489996,-0.08133627439765954,-0.08025445404438816,-0.06764559819551497,20,0.007071488848999998,0.012485308720464633,20,-0.00548547852635598,0.021530735097923286,-0.4111239779154143
2010-06-01,0.9999999999999999,-0.6769960152280265,0.4088947345799479,-0.20620629674531024,0.1608723941081143,-0.02132293992492218,-0.11233542395391352,0.22660530113465907,-0.12271925927162029,-0.04066770542424041,0.10200123517123054,19,0.0003821406254210526,0.007528096954637493,19,-0.003008160759903479,0.015945299967360913,-0.2503369263641014
2010-07-01,1.0,0.26113100309323817,-0.029124494903240553,0.1396835030158595,0.18547457312884658,0.19089459574903778,0.11417283049085032,-0.048812671907432235,-0.1738605538398366,0.3285742568488283,0.11837082413651706,22,0.004433769908181818,0.010088631562406046,22,0.004007172758026141,0.011484355150579514,0.3574052012002433
2010-08-01,1.0,0.2945527992487936,0.09347100240582584,-0.019141461268614286,-0.06404079769223556,0.0857535634410433,0.27592258133010056,0.17498510579153612,-0.09488409873405262,-0.07774682844641045,-0.0010602255051213251,22,0.007149062115013638,0.01032306829728073,22,-0.0014611635258530683,0.012486614091044967,0.0722569174119325
2010-09-01,1.0,-0.32122976408408194,0.21109509501895124,-0.023076079244289827,-0.43420838897512876,0.22281292917662712,-0.22306891376416152,0.155456206431388,0.14046554091419497,-0.08325316977328888,-0.2508570522000822,19,0.0028284046034210528,0.0072651820238964545,19,-0.0002962833416214001,0.011508213976199699,-0.10930403735853787
2010-10-01,1.0,0.15148391730866842,-0.11463381114984846,0.2812908922024331,0.3049152855382911,0.24621830413489143,0.044601978688461545,0.1603289610976488,0.20691882815826293,0.07163150635844015,0.24410133273584272,16,0.016843417712500003,0.01566593755704891,16,0.008433367662510894,0.020213827359041446,-0.33133904927860325
2010-11-01,0.9999999999999998,-0.3445889318731603,0.2656938611092129,-0.15546819438199214,0.18657508020465127,-0.22472068788510946,0.04693516733114552,0.07655538866156528,0.092287193687302,-0.08948906515556171,0.48895240053400874,22,0.009118760181818182,0.008283798758291723,22,-0.004573762959289991,0.018530580454228528,0.361920083803968
2010-12-01,1.0,0.23715500278172713,-0.26592359319837083,-0.3604225861846091,-0.17851923826347335,-0.06367700502144608,0.13292321600444015,-0.10288960536071787,-0.12277238415175926,0.010211772123289312,0.2618938610561416,23,0.0007573285756521741,0.00692713570455957,23,-5.537429039367372e-05,0.012109103757334008,0.04853648252771765
2011-01-01,0.9999999999999999,-0.21287372466944088,0.004295919497988984,-0.29465510457783756,0.036528183051307,-0.3256066364983686,0.10340836621734208,-0.13194985299461506,0.1621467789544466,0.16854486095224827,0.37660611245439907,20,0.0017760635665000004,0.006937485099286081,20,-0.0003364231209025503,0.014436022530941811,-0.09208581677904794
2011-02-01,1.0,0.012920081805777205,-0.3884407487425657,-0.10348027601163007,0.11105087884141297,0.1382624945078439,-0.20404689568598336,0.14430782110057105,0.10953981728153349,0.13829530735105475,0.022678099825677707,15,0.0022998114466666665,0.009491838517430636,15,0.0019315811573156797,0.01326123549861045,0.3140493362041608
2011-03-01,0.9999999999999999,-0.1054420754756995,-0.2687813497109715,-0.016947666270181027,0.3212069140896899,-0.01365543533714109,-0.05881966292862447,-0.2015651994967622,-0.1871608658745558,0.23667078143144538,0.010502544399545764,23,0.006674810938608695,0.012603128665018035,23,0.0013111400527223956,0.01056108698684047,-0.22168276682526994
2011-04-01,1.0,0.4125540141956443,0.428330645871932,0.34373566687392504,0.14416309422748608,-0.09700327298653934,-0.09640168950355517,-0.2442633703235294,-0.35419768004364094,-0.2504735057147248,-0.31749979406693235,19,0.0030878334763157892,0.008136157706668113,19,0.0007553281935632893,0.010328853110505076,0.34569644217882556
2011-05-01,1.0,-0.36415734383640413,0.14385079119354047,-0.05198193459989784,-0.26475726950405837,-0.03239209689782907,-0.11574567573304236,0.038322094958376095,-0.14653257929996272,0.5793927722698282,-0.39005488078441797,21,0.0006816595790476191,0.007271034582602772,21,-0.0023860524061011627,0.011258172210697526,0.08031354775958965
2011-06-01,0.9999999999999999,0.012049205299370296,0.007155517584844747,0.12312108065861646,-0.178082629448109,-0.11846301522554813,-0.006399480083589853,-0.07160921649095839,0.02751803722108478,-0.029507839982212753,-0.450147539768702,21,0.002283573408095238,0.0075428002111076085,21,-0.0005031011755416286,0.011089283497930095,0.28002895625412777
2011-07-01,0.9999999999999999,-0.19060991374531774,0.05989820363087515,-0.038775982340065365,0.06676804710470857,-0.125091773685978,-0.18185395868390578,0.006697737596613314,-0.2301810800499413,0.14504956018615317,0.08277140998821877,21,0.00788393311857143,0.012529919597310387,21,-0.0019848826515890144,0.010775117624620252,0.17509943531769576
2011-08-01,1.0,-0.3017144662644611,-0.04731862916042519,-0.1081688749591033,0.014960118163866018,0.19504810818598875,-0.07710478257792146,-0.25912260958515926,0.43129205296528755,-0.27264953877348663,0.03252496217245917,23,0.0011546087121130433,0.01418533715803777,23,-0.0015462370336031045,0.014783734390454373,0.17254618643577102
2011-09-01,1.0,-0.19960979142855395,0.06814996690627835,-0.6863892138787282,0.3532309186925198,0.07746416976511804,-0.09508187571409964,-0.0216450358227091,-0.09197357197853963,0.27830953709837064,0.05276567670422978,21,-0.0009142674223809523,0.009212857240967803,21,-0.0042444473440647005,0.013977988262964387,-0.4503789351084216
2011-10-01,1.0,0.023898602181958023,-0.3537112120082607,-0.02757277379594311,0.22039781323154514,0.03772096361267321,-0.0718300419802225,0.36876708361490884,0.03853704477994169,-0.2949719353736837,0.04262940578562611,16,0.00449131836125,0.013898252490252387,16,0.003868214505295881,0.015933972621387554,0.038812049566784086
2011-11-01,1.0,0.13309656764029956,-0.26824996885034735,-0.32273206152803513,0.09868374387252367,-0.002559239371106207,-0.220097368605507,0.22212524391790978,0.24662446009752986,-0.086543430227363,-0.35748591778248984,22,0.005270443759090909,0.010654767518470396,22,-0.003403970807582363,0.013043553250607406,-0.05932110138035987
2011-12-01,0.9999999999999999,0.01172473360133128,0.07424864734205265,-0.04109740083820877,-0.12463774275986715,0.18505328538403856,-0.09668192108484147,-0.10963370611339103,0.07522436869018176,-0.23648562951165936,-0.1201744381577151,22,-0.0005586467163636363,0.007073305733789601,22,-0.0012510503145186228,0.011538472872948919,-0.12872103321635406
2012-01-01,1.0,0.2649692698374717,0.16109710189295498,0.2613509824151764,0.21467761026677382,0.20837458165533435,0.4561322093162541,0.14885538223566783,0.3459350008958347,0.2761722073071313,-0.2777136066612722,15,0.007161593997333333,0.008977196863189863,15,0.005042573431247892,0.01819210912943314,-0.21878673541766921
2012-02-01,1.0,0.2838663097032757,0.13780149933397304,-0.16202887408923064,-0.015827258214542603,-0.1979889669852675,0.02141135302521085,-0.0286832067657738,-0.004250291812509695,-0.09703632161479447,-0.03489009169618475,21,0.013376632066666666,0.013342187737662017,21,0.0020842366354413672,0.01164329512695224,0.01495222935360467
2012-03-01,1.0,0.26371460583116807,0.1350434780709988,0.37852736611846133,0.3002159253240599,0.32637069807565805,0.14130409456922208,0.17035167403815496,-0.15690252476175998,0.17506009098362743,0.06439146115879382,22,0.0037239306681818175,0.010751681767213792,22,-0.0030192171874122904,0.010711863268809454,-0.034851679634359346
2012-04-01,1.0,-0.3118251176420804,-0.175164762562646,0.25144417994823925,-0.05819318851423476,0.004489840154480922,0.03346055465372602,-0.3538789720429173,-0.022195187445293574,0.4034468453943567,-0.15009956047477954,17,-0.002112483922647059,0.006887375224874813,17,0.0038997993282778765,0.009829931430310197,0.338728893085546
2012-05-01,1.0,0.08081821007721914,-0.0187279792122034,-0.16264959283763722,-0.04375811638231701,-0.27189602292238474,-0.07177761457574813,-0.24588483244735374,0.10681430131699388,-0.046789053180645905,0.0348673274792137,22,0.0008800709272727275,0.012510173917447786,22,-0.00044989606204225467,0.010481201606029635,-0.12612973559849647
2012-06-01,1.0,-0.05562306814234479,-0.4132907725918114,0.07453740902678152,0.08068718490242786,0.03077995120495256,-0.18381117600681782,-0.23839410902334576,0.10448838161032106,0.18602655798352646,0.14763669526493844,20,-0.002929360255,0.010321915246651362,20,-0.0027253468820915153,0.010489213847046848,-0.13993555712351605
2012-07-01,0.9999999999999999,-0.10792609289069827,-0.3253019540866339,-0.16965124800859682,-0.13996369924645138,0.24183599548961507,0.3419396334780743,-0.2605078295433192,-0.040585931069633645,0.004959927981377434,0.18014034341749036,22,-0.0007084007472727275,0.007516844847642712,22,-0.002095170777278818,0.008657989997472318,0.025316954648610033
2012-08-01,1.0,0.22526185151503766,-0.21488156067387162,0.006101857402336781,-0.23987633312364412,-0.2708874483850158,0.09525801711237794,-0.01690200972280341,-0.3658677241512096,0.11980792609925235,0.026034874741874936,23,0.004319523650869565,0.009128211125313302,23,-0.002204517368714161,0.008091353413130204,-0.1848074260407632
2012-09-01,1.0,0.1386702370677738,-0.30961681864683394,0.2779290896049269,0.34978123770834174,-0.2855660001614051,-0.5433197904413493,0.025958562336757397,-0.04255344808727112,-0.29857727332227707,-0.28210138096706383,20,0.00218473657,0.01737273065947665,20,0.0019561384646196297,0.014765001768022897,-0.4904853901085352
2012-10-01,0.9999999999999999,-0.0759190740043377,-0.24325004221484592,-0.09268727531372672,0.3076155854954589,-0.26054261344600105,-0.4501203275915677,0.11206025863942826,0.03365921034606389,-0.11683102762265286,0.034994312837825066,18,0.004910362296666667,0.011641040980850807,18,-0.000904147066921711,0.008597583072197454,0.02798014896222112
2012-11-01,0.9999999999999999,-0.23517156380504084,0.0451817892991375,0.31513611872412206,-0.21100201225514345,0.11929134187382483,0.06039499344199706,0.11577939856312354,0.33448550545069516,-0.26581225479518783,-0.08649935665257942,22,0.0008130735590909092,0.006352270865823149,22,-0.0011394646657277865,0.008917732443018361,0.013204778012358092
2012-12-01,1.0,0.22137080145775997,0.08485725321574819,0.4323587112913738,0.35857807975280537,0.05114629831213912,0.15160081387737265,0.441851578622747,-0.21357158534386578,-0.02275953615481429,0.28576847463979455,21,0.018375091761904765,0.02085578318307739,21,0.008691412998485895,0.016279537819285532,-0.2922564965752157
2013-01-01,1.0,-0.04692147649310338,-0.10611040452595208,-0.3145594276957902,0.24368548555036912,-0.048172476214643545,-0.0889645178600084,0.2943353788455875,-0.11978723952491721,-0.3673901823476365,-0.07458135418516156,20,0.012635402755,0.011822604760587484,20,0.0035219037522084607,0.01458309787394039,-0.13639609535270988
2013-02-01,1.0,0.21629139767032668,0.14531704588764152,0.3426277794933805,0.3524668862161574,-0.3799103114558354,0.09206327156168162,-0.15203968997716272,-0.24293607328597777,-0.018637582535374474,0.467506435879152,15,0.0027797333120000004,0.010487530641329176,15,-0.0012368725643774868,0.01831991513125802,0.20223092103691345
2013-03-01,1.0,-0.39754672780973044,-0.05525182442499467,0.3421608953708629,-0.7326897522254407,0.3114534808831869,-0.2142848902478468,-0.24061306745250646,0.6183239500147212,-0.15459109379605285,0.15936303566581272,21,-0.0008947005376190474,0.009945897828540766,21,-0.00415320129876212,0.020972085471164265,-0.29054978065546777
2013-04-01,1.0,-0.11000835373551777,-0.0768911193304241,-0.01110729815840526,0.017083590723475733,-0.21336777130306242,0.08692293360075216,0.051236867495345846,0.33819352925336116,0.2503525020509963,-0.4216171751766321,18,0.0051944537,0.008935317019160834,18,-0.0008475780377175281,0.013393865726860348,-0.36745436388966896
2013-05-01,0.9999999999999999,0.37965258063764645,-0.10685393836974354,0.11914698090397585,-0.12456007834868615,-0.02666676474150494,0.05922940469596954,-0.19167499757285592,-0.1810368253918463,0.008503280382049715,-0.5167474991316722,22,0.002939108198636363,0.005828759037476571,22,0.0018986412638742048,0.01029556883021131,0.12027222948929178
2013-06-01,1.0,0.0942105518735601,0.042003168371028715,-0.04955275828634635,-0.3985305614122971,-0.20723906622579166,-0.22091100161156205,-0.08324511172094706,0.05664584032200264,0.1606476014110323,-0.32388348192647104,17,0.0012433225035294116,0.012121762425636454,17,-0.01004238956676463,0.020005543489793807,0.1799388599986589
2013-07-01,1.0,-0.20682628685861662,-0.4729968751076445,0.17274685879702986,0.08059353545189124,-0.03558831614028079,0.09202761815510359,0.06591413176882104,-0.16649788247256658,0.03305002716824489,0.019524699238198145,23,0.004807370108695652,0.014055926646462762,23,-0.001371651569443556,0.01940536732268547,-0.10189442006542947
2013-08-01,1.0,0.2766017060566883,-0.017315281398835345,-0.33057829416040446,-0.1705065247167179,-0.0394464375559388,-0.0605464498960916,-0.04604586302265083,-0.14541070464032618,0.14621288646056796,0.08738523250437127,22,0.0019930577927272726,0.008283325456761498,22,0.0025161086738209357,0.011403720585548298,-0.25906899682453005
2013-09-01,1.0,0.19713824333850496,0.218633662531678,-0.042651674480829974,0.036796702386686815,-0.05738434978123015,0.017897101108870786,-0.27797595376735473,-0.044888345363192736,-0.17573952766270334,0.31267249062135394,19,0.009388383552631578,0.014305195643790352,19,0.0017349850038405736,0.016620330826595923,-0.1610033532994513
2013-10-01,1.0,-0.003265718178315815,-0.060273581349713445,0.49661203288075606,0.10035296028148727,-0.1253684269014692,-0.026870804156286513,-0.11771217675739659,-0.1972399173742044,0.045490862597158364,0.4809768068759932,18,0.0004713614088888887,0.007097786861105727,18,-0.0004075765413176552,0.010648788203342053,0.0526668069029519
2013-11-01,1.0,0.050414724287064255,-0.2645389494076711,-0.1714521857126797,-0.25048322991388966,-0.025288604608924205,-0.018504976439441077,0.046229402538514756,0.32371688587865005,-0.2974328268695569,-0.24201586554343957,21,0.0006349100728571431,0.007561641128426849,21,0.0008782219150758999,0.013744100338398634,-0.37357154795314007
2013-12-01,0.9999999999999999,0.010544507757290923,0.06355334612242881,0.2990967039487827,0.1604096542903247,0.22572522244647036,-0.22435621322849464,-0.04599072104036948,-0.04925503713700101,-0.393378278313153,-0.13487280814086225,22,0.0013594949752727273,0.01079215146992316,22,-0.002434139065610168,0.010758329876575544,-0.14472645204384113
2014-01-01,1.0,-0.07490018866606793,-0.0385636297240718,0.2758595812841593,-0.19613361725594125,-0.1566227900385077,-0.04062151616812116,0.4348448238396892,-0.13420548787954983,-0.45809964426242106,0.6661359508465413,21,-0.002769519504761905,0.005745935376372486,21,-0.0030415431704442185,0.009531654534173071,0.22784194269837083
2014-02-01,0.9999999999999999,-0.004850292184622099,-0.08796298805035607,-0.017269529044685098,0.21322579043196965,0.09992384765131575,-0.02714330840097121,0.01377757091389295,0.027297690346118987,-0.1243846131005975,0.5871506204769095,16,0.006951934681250001,0.01198135030451379,16,-0.0005532626570586376,0.012638246308097869,0.04536732576785588
2014-03-01,1.0,-0.0712817242687246,0.3508922503907093,-0.16644083898081405,0.0610863055862825,-0.0936306183848779,-0.10573404062486925,-0.15923835241220924,-0.03980616100448207,-0.20191219721150877,0.261860241482485,21,0.0056759932419047626,0.012739763804467868,21,4.7454909578228515e-05,0.012750077735717567,0.0877545707794595
2014-04-01,1.0,0.2224065228778168,0.1260114540616285,-0.1759539128798193,-0.033682646986947354,-0.02448251757721582,-0.07288567083882937,-0.3193730742417896,-0.050871833485161284,-0.26357778608480986,0.17160791423839078,21,0.0013004126704761908,0.01076366534466967,21,0.000933884974986429,0.012125596775249256,0.17682390261433245
2014-05-01,0.9999999999999999,0.19755189680360277,-0.04485519619935808,-0.15083995831569735,0.16438667680727756,0.11809237857403551,0.1711781477777874,-0.000455965208986524,-0.10804065483488272,-0.19949558310973342,0.09416583027167609,20,0.00020994040600000002,0.00633090832890273,20,-0.00042695537421286466,0.007535168038571598,-0.3046362855713008
2014-06-01,1.0,-0.3130894195868544,-0.1276907821645885,0.0819723275093329,0.023533180520906808,0.16703505815827654,-0.5396715123586215,0.489423946688641,0.10949632776773778,-0.24974942771934464,0.008545266292570602,20,8.415742500000002e-05,0.009045974598313326,20,1.0119750414070002e-05,0.007705419859800852,0.06438978993756626
2014-07-01,1.0,0.5160926704189243,0.5399633685084432,0.33544965211644556,0.14470730503519227,0.11349756001903663,0.12878977658531182,0.25514142875203727,0.26111817784991376,0.3374817776107077,0.2799056531912259,23,0.008938791752173913,0.015125224170224136,23,0.003908916391570157,0.009454510630625936,0.46508162059681757
2014-08-01,1.0,0.5628184287316831,0.42168511731233443,0.3424198574371716,0.4731780845170266,0.1706765975734294,0.34222709381437055,-0.01736818237043717,-0.31373717318701494,-0.29974453248211474,-0.21016566348366253,21,0.013728307376190473,0.0195309227386187,21,-0.0012063251118757,0.009142123600227115,-0.01970341302461599
2014-09-01,1.0,-0.28086024761207956,0.05531181692477301,0.07472736588707182,-0.29154693635121937,0.11391354968082106,0.010667370569438674,0.09188870298973714,-0.320034764859998,-0.26209055148802124,0.2129097031698448,21,0.0059070307666666665,0.007704711567424734,21,0.0011431572030703382,0.009373499379115592,-0.15188930111079818
2014-10-01,0.9999999999999998,-0.041206055588671194,-0.16480334036416638,-0.30350711807388203,0.09864083298922022,-0.04854973539381171,0.11398959523316593,0.18240022373004616,0.018382484957193832,-0.1162265905257952,-0.1276956741378884,18,0.0017054075527777777,0.00842734685651766,18,0.0012745995171314281,0.009626720346669452,-0.02472759542486895
2014-11-01,1.0,0.05966054695243575,-0.04341959221687702,-0.1989482957416714,0.08044643439869387,0.033905283983866656,0.21837320800231952,0.060764692091669445,-0.06176537635798467,0.22142820224174548,0.181949878852627,20,0.016057676175,0.014319642648371921,20,0.00721207067250664,0.013860844611750509,0.13490961419826758
2014-12-01,0.9999999999999999,-0.07086420547559895,0.27678065814057984,-0.198750048546523,0.23879343267432515,-0.10430240833886972,0.4491309178212982,-0.05702031039398086,0.02108006386120311,-0.45747160429608585,0.21581460220831275,23,0.016271876520434787,0.014507968574414014,23,0.012998808231262616,0.02899292643187124,0.10455650050474273
2015-01-01,1.0,-4.123086072325329e-05,0.29334342091200366,0.002250757536604619,0.2981859849949114,0.32490127082324083,-0.16616939093473276,0.0908597123657622,-0.053870593418420806,0.01908541011912874,0.01768268340642095,20,0.005822566185,0.012716292129065745,20,-0.0035344922876683407,0.02871095786930307,-0.3135192762676987
2015-02-01,0.9999999999999999,-0.3579750569177967,-0.12609507744833,0.2799316805501496,-0.06065128803034272,0.18689496169577288,0.13652798825789889,-0.13871532779455317,0.3645459488946251,-0.3628086863385799,0.25246774402825634,15,0.0021472254999999997,0.005996148725933489,15,0.001891122033203053,0.01623804157584732,-0.007606193661730464
2015-03-01,0.9999999999999999,0.05900229273894158,0.16158809383861014,-0.05929767446304873,0.07087843545336701,0.009873102835935364,-0.19167676664543815,-0.1840451892793009,-0.3829444179005089,-0.12474015816196478,-0.07165488383293113,22,0.0036769846204545457,0.00665985805973961,22,0.0048736044217426635,0.017099335613764734,-0.05900578305032186
2015-04-01,1.0,-0.3589832829537498,0.3240712074869356,-0.17804693490684206,0.21002447172315356,-0.3066868596410619,-0.06195344667133898,-0.08836507154022337,-0.07787691047938701,-0.2213097446872779,0.5102940805092047,21,0.008355139254761905,0.011032970592799084,21,0.00788151100938594,0.016231968965656728,-0.33947091587699524
2015-05-01,1.0,-0.22499805098932643,-0.3457615678191151,0.499023939046646,0.18817285511658174,-0.32412373973126596,0.0375288781738487,0.6020969636024818,-0.24496734302821255,-0.3750940947937517,0.4478597977245533,20,-0.0010247114764999998,0.012265414991293425,20,-0.002187773335049165,0.02403319766055858,-0.15051074642304882
2015-06-01,1.0,-0.11206062215300848,-0.5788523845153714,0.1363633875662133,-0.06854283787933267,-0.14958508166099604,0.435871580753083,-0.06565859985252279,-0.3462955400985988,0.51906207635626,0.032874703243752086,21,-0.0016326894,0.010683641035420292,21,-0.0038441811823011094,0.03380514868389158,-0.45337764886430293
2015-07-01,1.0,0.23880717349788644,-0.31782881169521676,-0.024195956670328027,0.17360526225318423,-0.18104453176805405,-0.3825287242024035,0.10258993477042037,0.40883935681076317,0.08313825264534201,-0.24470406994477256,23,0.005816108315652173,0.01360233944677277,23,-0.006680747595293725,0.03767009471864017,0.07949853242868893
2015-08-01,0.9999999999999998,0.4643676762119794,0.3845445968666754,0.09936544268628071,0.20793831840086532,0.16782846938983276,-0.09864872436442151,-0.2165634469216877,-0.27603632190716115,-0.12076857681641806,-0.13206635163438543,21,0.0013470725464285718,0.00806340702804637,21,-0.005117579679779544,0.038467100462537054,-0.19684241093370028
2015-09-01,1.0,0.13743283358692954,0.3235995753000309,-0.09779497790392824,-0.10944762108928342,0.17582105416371763,0.19520998685740878,0.18696544305649626,-0.044845899022522034,-0.16016293372935694,-0.1379437846001729,20,0.001964490625,0.007570647336151099,20,-0.0014767277039668448,0.018499035714892694,0.3019322638021464
2015-10-01,0.9999999999999999,0.5711948698187513,0.41857183229369377,0.4631052321816246,0.5450197284584082,0.5130708701619489,0.6125524974706649,0.285659131553484,0.040586746388855476,-0.3031848058348375,-0.321213251822572,17,0.0005399693294117646,0.006429192509587078,17,0.004404167786145232,0.011041730534188996,0.2562918922189573
2015-11-01,1.0,0.0020051504033835104,-0.01822139736239355,0.06310409074613775,-0.4290786719148936,0.08251497994917119,0.3472191508324069,0.08469464264111265,0.3603335100449861,0.15506450501649466,-0.32124365210337397,21,0.0010061015863809524,0.004204535776642339,21,0.0004777041952291612,0.017666319498403728,-0.08446279802264338
2015-12-01,1.0,-0.10953790965455623,-0.40984796746494523,0.16323411669160012,0.16248005448520286,-0.013574164851579848,-0.03935914860188878,0.2250876841090151,0.09004562546360013,-0.4839866714201932,0.06684108923964098,23,0.004043421552173913,0.00880433253763429,23,0.0015449505632854793,0.017108155641916676,-0.19355873821491115
2016-01-01,1.0,-0.3131925739562133,0.20880413640717854,-0.2620641044799672,-0.13142142915397045,-0.048755778152990564,0.07582866562799935,-0.1584884602496228,-0.31686689090170095,-0.2569324858894594,0.11339476321348624,20,-0.008725579284999998,0.00904572052810432,20,-0.010226888430030027,0.02826022593094582,-0.02541818235859325
2016-02-01,1.0,0.07318386490034419,-0.11571447466488259,0.18157472849580114,0.1482347471588857,0.21007612488284383,-0.19307855307599905,-0.08832765670094682,0.07562858994809186,0.10309398844544074,0.14906570514716008,16,0.0024441584375,0.009667290697373735,16,-0.0009061782890880929,0.018748673983970912,-0.06282222852804806
2016-03-01,0.9999999999999999,-0.13935020508382392,0.17452572702807964,0.03361492951733187,-0.4292036559774462,0.20771921541392827,-0.5095375753968509,0.08503412961205696,-0.28844390934781305,-0.0407775904823772,0.48775397288568,23,0.001870985256521739,0.01219278200912498,23,0.004497549681820505,0.014683285287931135,-0.07564555285442345
2016-04-01,1.0,0.21576108249804257,-0.17672998484993313,0.08708766686350393,-0.45204925603377705,-0.04878824499821684,0.19032683198311673,-0.3369018390779101,0.24715808443387796,-0.1368393024253671,0.243181365411229,20,0.0026257079665000004,0.00891237473807576,20,-0.0004899795737654149,0.006606438148644954,-0.11737568122172355
2016-05-01,1.0,0.23946268855772032,-0.16235121020821364,-0.537879742046399,-0.40001248783562554,0.0982823055165302,0.31558977134810456,0.3761667644129124,0.1345505370357641,-0.27095316179527273,-0.44791420786703423,21,-0.00013847502985714274,0.007601375232173204,21,0.0004472117683316005,0.009679881122491794,-0.0692707365675996
2016-06-01,0.9999999999999998,0.1289508608454698,0.1862387172267741,0.26289572656704646,-0.2119210365597299,-0.15626565579890606,-0.3056942060190077,-0.3882507749471549,-0.40115448216823124,-0.27881538928251887,-0.3212796217847918,20,0.0032086565750000006,0.00927402871977292,20,-0.0007720527656020651,0.007880532181101216,-0.05253353456250882
2016-07-01,1.0,-0.0029961848010435087,-0.367558233905442,0.3895141698998727,-0.003481190921177874,-0.2325130714952449,0.23354777250509637,-0.2473164022367364,-0.22290019337996253,0.38043960738689503,-0.30071216052905914,21,0.007182812605714285,0.011867138914588725,21,0.0007260095432731905,0.007310833143163783,-0.06000537810042145
2016-08-01,0.9999999999999999,0.14502537696004517,0.14957514406003009,-0.27302720680564696,-0.19702634410461822,-0.45667134373810286,0.031663081554562836,0.07986644279254583,0.0879301532069751,0.24350014324723665,-0.033120232372307004,23,0.002620179843478261,0.012131564410704083,23,0.0015353916534838257,0.008430071634746855,-0.32484042191463525
2016-09-01,1.0,-0.2572588969985616,0.05995795490989053,-0.12053486614604093,-0.19975637993169024,-0.23083647997706053,0.3685520174227344,-0.11759992952288094,-0.0024149471064117832,-0.36510782739246256,-0.21627044500278564,20,0.0006400756265,0.00864544141006667,20,-0.0012553776630045174,0.005450687555345854,-0.0397239568969019
2016-10-01,1.0,0.6651633437002753,0.36386893049765656,-0.1272623256477584,-0.02193476895543902,0.09671931079290357,-0.10397261074654363,0.2526300235119713,0.16149226775516606,-0.11248075919112943,-0.004716257802143291,16,0.004525219773125,0.006938608076650558,16,0.0020644088910478997,0.006223577926658554,-0.2799652423449127
2016-11-01,1.0,-0.20110981084862756,0.29467217552531605,-0.24876831060018997,-0.062233532667297524,-0.09987240588633173,-0.14176971686197348,-0.05989725073081057,0.06341422126792345,-0.09328979968481244,0.1880426373198651,22,0.007071641327272727,0.010687080456189687,22,0.0032902102500125593,0.006856893847778498,0.09394351451833445
2016-12-01,1.0,-0.23584733285386636,0.27089515369664996,-0.05655362904558873,0.12609325690739698,-0.1762026763229549,-0.06218472860089318,0.09248110730972704,-0.04847496927249014,-0.2604696146906783,-0.0451835814180009,22,0.0077866931954545466,0.01093297140068759,22,-0.002560296368683922,0.007739166165882743,-0.0014873840527463602
2017-01-01,1.0,-0.11171877531165979,-0.3015375934657823,0.1194934220194265,-0.19581501607701962,0.11591252148875444,0.2165412682818592,-0.40662840862119454,-0.33816134922758306,0.27303409837213816,0.05655132441722432,18,0.004861118352777778,0.008326694859229843,18,0.0018425761702638814,0.004941553269862403,-0.1997952185995119
2017-02-01,1.0,-0.22978528399079898,0.2502944464759611,-0.11262807371797413,-0.18529879023693224,-0.24406668573082135,0.14184892898749962,0.057199666949220164,-0.10241072485504944,0.10955906168888528,-0.23243117619099518,18,0.003236770741111111,0.007097719122403511,18,0.0001569960331451937,0.005290453242038021,0.25442436436241966
2017-03-01,1.0,0.02781080890952976,0.25941357038368434,-0.01946622747851957,0.1697175355132761,-0.07000812422439386,-0.2525435471164983,-0.10211513045392365,-0.02297084939539928,-0.058997752520651245,-0.08539966142351574,23,0.0001730977104347827,0.009391819316015113,23,-0.00020146987472383884,0.00449182898072591,-0.1441377342766436
2017-04-01,0.9999999999999998,-0.11005016496412623,0.30241792987918115,0.14277467158286183,0.23038164743201703,-0.11280371213564895,0.12457115484927471,0.0992170661983019,-0.06657763084316544,0.12772351530942708,0.019574812666621456,18,0.0010918821944444445,0.008838765788970766,18,-0.0003000400814223168,0.004406450820035519,-0.18478229155784998
2017-05-01,1.0,0.26563830517305725,-0.3440514289614636,-0.3873244853907536,-0.17841731409913297,0.20070661506335385,0.26132662110616833,-0.011167910073002016,-0.06852255096828817,-0.2863609420187098,-0.05375083998243781,20,0.0017685303410000003,0.014151018929520516,20,0.002736628192604255,0.00792458126729512,-0.4725892539361016
2017-06-01,0.9999999999999999,-0.037618840173165295,-0.08771721854775467,0.03530987243278879,0.2078914696894643,-0.35204848255023097,-0.4142499151297052,0.12531272693241102,-0.33175358052681564,-0.21418673147330122,0.19579326540165679,22,0.007613248283181817,0.0106246216244741,22,0.0012815486720839542,0.00725341838672462,0.018340476803302717
2017-07-01,1.0,-0.15952960798565002,-0.19588080186988827,-0.20474598179488213,0.23645697172504349,0.21813955965097936,-0.18008353642640498,-0.0942100979178536,-0.2862078951510952,0.10283455009306784,-0.039427113293172146,21,0.004562545295238095,0.012958496147526581,21,0.0016183308510526126,0.0068442575974643725,-0.41011608931754645
2017-08-01,1.0,0.31280582974029514,0.07244496505250232,-0.09075697351781772,-0.10549716003301216,-0.10376565386206657,-0.08464690561573156,-0.12028203375475423,-0.01108487485543877,0.3113371356601401,-0.02333613525528973,23,0.005726456091304347,0.017447716467588387,23,0.0012430053002286086,0.00864754986827587,-0.385365086300868
2017-09-01,1.0,0.21153667525832492,-0.1191645776361175,-0.15650209396277961,-0.035251365685118705,0.03463577142801046,-0.16339205003683147,-0.2949076417878669,-0.008303959869591256,0.11797558597853403,0.34704021384395856,21,-0.00034681347142857143,0.011740617362929737,21,-0.0007478530061936145,0.004051155110949783,-0.01717175782506673
2017-10-01,1.0,-0.31074155453583896,0.13385677937008272,-0.15708656353149877,0.24751272943709052,-0.38506790639420974,-0.24130402830498368,0.13375874374788113,-0.09054189580085015,0.10720079119432906,-0.5251063929947657,17,0.003016987649411765,0.009530349257599467,17,0.0026129241506659003,0.005620191831216585,-0.3793583428211423
2017-11-01,1.0,0.23987344880845526,-0.17186655083944535,0.028911035712213564,0.39312819130088644,0.03429004725742964,-0.1445691875591899,-0.03406200553100735,0.10533769859169813,-0.14312250873239243,-0.2918926615466465,22,0.014534457075909092,0.019655437343807702,22,0.001120760452114468,0.009287304005461818,-0.19719421349338875
2017-12-01,0.9999999999999999,-0.1883059977238945,-0.1401259254071665,0.04935151746487157,0.2529485886173727,-0.0177238424537403,0.3176092085391487,0.25170541894402654,0.3970526186264381,-0.2489071743695086,-0.1793952818112725,21,0.0010298714095238093,0.011682191471999342,21,-5.0082495137242824e-05,0.009914307599382239,0.28248417889627125
2018-01-01,0.9999999999999998,-0.04875744972695974,0.25919544247259524,0.14035772599463084,0.13156805326019336,0.18298995652930738,0.0068266939412277485,-0.020046611034535342,0.0480534288630936,-0.1796736174341376,0.28850235840453126,22,0.002985873679272728,0.00827348779598992,22,0.0039018636601785357,0.007803834059154234,0.043982616129580716
2018-02-01,1.0,-0.06502192897576826,-0.48464691749574695,0.10782599008361622,-0.344268473758066,0.010398406814107052,0.6135788707892688,-0.1349530515260205,-0.2799998272204975,0.07884385559559538,-0.41069223040506847,15,0.009651826879999999,0.00954000607263389,15,-0.005299205183277114,0.018941771593466068,0.14706954987200244
2018-03-01,1.0,0.10136792409614413,0.22411023184436535,-0.12486864584727103,-0.10079116112721406,-0.08353579238177125,-0.1678549174168562,0.0921130489947143,0.112272723541898,0.22275343002140374,0.2891593822750488,22,0.0027963151363636367,0.0060339555100430275,22,-0.0025411987580454157,0.010300520619669502,-0.013082961591401491
2018-04-01,1.0,-0.19563420774093335,0.029014559744179425,-0.11592462546211268,-0.32201635653155,0.036589456048566525,-0.17054018811886912,0.2758767156303785,-0.16495679142155326,-0.026077937688821152,0.06049625391879016,18,0.000577145013888889,0.009980541551822325,18,-0.0014181895360045283,0.01199167034468347,-0.5381460900736054
2018-05-01,0.9999999999999999,0.16152015033345485,-0.09562927143154072,0.050744844078624014,-0.33887658602261905,-0.05857467728835086,0.23105713854575444,-0.29239118419930543,0.20600248155766226,0.20109604433312656,-0.054037580833494366,22,0.0008124155236363635,0.005557529729570506,22,8.129369669570455e-05,0.010174458274108098,-0.2562978788437516
2018-06-01,1.0,-0.03380255418518608,-0.164932448257057,-0.2892075258414073,-0.28144702334596366,0.10200560839330793,0.13233990666104767,0.18766400870459068,0.1155663593229117,-0.002968726627543788,-0.5904838799167911,20,0.0008289068787,0.009089277379219378,20,-0.0034730394866848502,0.011970309315019963,0.08419693404240246
2018-07-01,1.0,-0.23437176601124593,0.49026009991559755,-0.15551913729646674,0.11699843792001244,-0.03762985604819413,-0.04043374704883675,-0.1364060512007025,-0.2017854432941667,-0.04943520390785274,0.058708885587612405,22,-0.0006846518431818179,0.01357842265000072,22,0.0011797968623687512,0.01441730026440734,0.0038573318965864655
2018-08-01,0.9999999999999998,-0.23440574161008987,-0.2048812023742568,-0.16131436957566964,0.03504321161903391,0.008932692221305659,-0.1868547272197211,0.08469154822481054,0.14428959766325553,0.2387409767221797,-0.4060818881446482,23,0.0016952137456521742,0.008952332878620883,23,-0.0012238055318117178,0.01414467006574507,-0.11015374372448966
2018-09-01,0.9999999999999999,0.3836609091566899,0.1292902531826217,0.0916093593800321,0.06836886225576229,-0.17991723318699035,-0.20986224986984484,0.18802346801375,-0.04255241682207899,-0.3684434236830875,-0.2835073116086702,19,-0.00017736392407894687,0.010250277356837492,19,0.0027391195644435426,0.013886675289401679,0.12702962006757249
2018-10-01,1.0,0.35697825884228745,-0.09546356375985222,-0.36322466455287594,-0.32444522682380744,-0.11288341540804284,-0.15476237931706865,0.216321588676929,-0.03825273637628792,-0.18888775136339794,-0.003897725515991449,18,0.012167496770000001,0.016242461662625995,18,-0.003418248983603072,0.02352382331960664,-0.12948338465951406
2018-11-01,1.0,0.14972671160670972,-0.01675064076973785,0.14501400271068296,0.2101286207431675,0.43982330253241925,0.37878359948784585,-0.1146617163787781,-0.04934737091416033,0.13545409685558993,0.2666567028827819,22,0.005994763276363638,0.00973590890197434,22,-0.0004300325195311955,0.012174411808435063,0.08041098934186997
2018-12-01,1.0,0.471373870868795,0.15437330237205896,0.08663772262982727,0.2923473349568915,0.35581377076978293,0.18901886764911022,0.13960404780016056,-0.2635413343696405,-0.18373999736360624,-0.03613508599618527,20,-0.0028445083112,0.007861335615263537,20,-0.00285898668056618,0.010338519250079578,0.06987270173300142
2019-01-01,1.0,0.4319808698338585,0.1878422492079167,0.10788672334557893,-0.0946904156053566,-0.15511598805271498,-0.14618416327865238,0.07170636180836519,0.34693924867466347,0.10861445050309365,0.0722432252922623,22,0.001970458118636364,0.011540059509931026,22,0.003625098265968609,0.010101754058461502,-0.18902235813501064
2019-02-01,0.9999999999999999,0.3447559361040909,0.42077452742206717,0.36301175058780555,0.37897190203062364,0.6440367946218413,0.5290710175308747,0.5101403945183466,0.21739433014245482,-0.059289708262636825,-0.1932728800736237,15,0.018893314100000003,0.014506537214061897,15,0.00664993340621016,0.019174167601824523,0.05099082604073713
2019-03-01,0.9999999999999999,0.6370170667610602,0.46710872744092163,0.30971020684531164,0.3014597042804103,0.3784555923544192,0.1806368365782239,0.053805258482945775,-0.002555528864093494,0.21603136019327226,0.14836118173575094,21,0.01195083098095238,0.011082747249216079,21,0.0016130233214602058,0.016554644882566413,0.0602344422523994
2019-04-01,1.0,0.3102939881620973,0.11962930126560331,0.03730204261868766,-0.3837252499473924,-0.5078581539177676,-0.3050647811168777,-0.0714410934097851,0.14290223801029722,0.3501312294480848,0.6423085488256368,21,0.006189220418095239,0.009500832338473547,21,0.0017576686300420472,0.012659817581296093,0.360931082065735
2019-05-01,1.0,0.07174893527269952,-0.3950005021367275,-0.22155450870826093,0.35047623477743645,0.2898778079708511,-0.25461079364056516,-0.3051626215657092,0.2841046382555243,0.21101268651179717,-0.5212748375281225,20,0.003535174513,0.010388702028871252,20,-0.003813669400601479,0.01724526487362013,0.15585509911342402
2019-06-01,1.0,0.1283229993456458,-0.2809842016659002,0.005342149694876343,-0.3883555644012511,-0.30219090979409935,0.03996168395855978,0.1287532207906781,0.45582858224774353,-0.024620636861562354,-0.2795234359373743,19,0.005555632863157895,0.00621365267328828,19,0.0037521189680527842,0.011290286995947332,-0.10016377244087907
2019-07-01,0.9999999999999998,0.2503773718636433,0.09127934987245107,0.035924099005976706,0.10013778171652511,-0.11744706554851907,-0.16794541476887695,0.24406406010614382,-0.025091420052476048,0.09358644986926255,-0.0007155676652953005,23,0.002378034343478261,0.00828904796019,23,-0.00026697509637202166,0.00900480852436548,-0.4788453281306489
2019-08-01,0.9999999999999999,0.21207948306084629,-0.11384944592121092,-0.21404704171590694,-0.009340311009225112,0.33391511386241235,-0.16935789646039273,-0.13153771284779356,0.08422552436312492,-0.22318428194754084,-0.30373620634111975,22,-0.0009715204981818178,0.0070501841909545865,22,-0.0006326743523275047,0.01096087724522619,-0.3059922721077839
2019-09-01,1.0,0.03340323647366546,-0.2725409987083954,0.09533113197727275,0.14759187743625304,-0.09783420835274083,-0.24517825544116134,-0.12858853751335966,-0.18729888590538873,-0.11524398863904478,0.009243004846837316,20,-5.5376340000000023e-05,0.008434448210523202,20,0.00043847008085985006,0.00769001177595803,-0.027793435676210437
2019-10-01,1.0,-0.21460176421705465,0.059714798810939114,0.12278127935218344,-0.40652368191325045,0.31249924568172643,-0.009826431966305707,-0.35199481969693613,0.40957584257442,-0.443325503280329,-0.06733944969137286,18,-0.00199265171,0.007441625574275262,18,0.0010827754029955165,0.006695626341340783,0.0997931490027173
2019-11-01,1.0,0.6122405186653047,0.16272501744039833,-0.21070482879397545,-0.3441383816273708,-0.6375022014598513,-0.5249647963546503,-0.25821873571139137,-0.0662279216356977,0.036356820012777666,0.07142379990068866,21,0.004056127272380952,0.007425871956153449,21,-0.0009770899170407237,0.007809184331866208,-0.24502984630787852
2019-12-01,0.9999999999999998,0.06851193684967453,0.031432407351244675,0.0288579148780387,0.0006336662413640078,-0.01064760270096262,0.1737512973554296,0.08140055843016408,0.195083730428803,-0.053347693849477046,0.3572230377578064,22,0.006202783895454545,0.016161159121346608,22,0.0025717392005555,0.00707056733429991,-0.14293862747361327
2020-01-01,1.0,0.09669374125487987,-0.26210376611483444,0.03389638073352153,0.1807984282607525,-0.035636060945154625,0.03149531664913881,0.3495628783405054,-0.16810638640370998,-0.3107410333749195,-0.061394874018989916,16,0.005963564425,0.009163402125893274,16,-0.002725922424969038,0.010010606043860103,0.15407795867235882
2020-02-01,1.0,-0.16305388017953631,-0.29913595872285087,0.32239645693045144,-0.06060009136577141,-0.15179913666779782,-0.19264813278527318,-0.025542226855000592,0.13997639482314625,0.09499381057730559,-0.1796179958238909,20,0.01038842865,0.01652384035062778,20,-0.0019373140095825963,0.020396429229913738,-0.08797358879928445
2020-03-01,1.0,-0.19314906993890732,-0.0247566189710628,0.008220516142297192,-0.27721694972361516,0.3315551906384618,-0.14481839868990612,-0.3613640813425094,0.378753276124651,-0.2781832172135884,-0.03783145455474003,22,0.0049020069590909095,0.011782946195498032,22,-0.0021724967050604266,0.020287026498230852,0.08290744464629066
2020-04-01,0.9999999999999999,0.07714025221810121,-0.3217046299876262,-0.16870579758161314,0.32491278413268165,-0.13372936632713908,0.01711663778753751,-0.1860680631188501,-0.09529083475395225,-0.10476422087748577,0.4820042772121603,21,0.00428607511952381,0.005827886077630045,21,0.0029608833486621474,0.008431548385782738,-0.1924674136765778
2020-05-01,1.0,0.10215362925985857,-0.24066011477831437,-0.13982360247488604,-0.29394777833934393,0.11680398902285995,0.016974953063801666,0.2251150607889008,-0.023236620727001944,-0.2959466131766927,-0.09891692932993214,18,0.001954573251111111,0.006562763100509574,18,-0.0010830038784740558,0.007728700579066335,-0.3808073566162455
2020-06-01,1.0,0.5175683678036617,0.23631064111092745,0.02697668137241065,0.028634718359411664,0.11035197345632033,0.2730844035620584,0.1678184903390833,0.08637311252006726,-0.10767744060025901,-0.45837945964043125,20,0.005449996863,0.011023833006960358,20,0.0023559125473830503,0.008418423421514278,-0.11399682969834284
2020-07-01,1.0,0.5810755683292799,0.3118777463005468,0.24071477424915108,0.0630384144776449,0.04683539175392655,0.0035164192653528814,-0.13125501416514904,-0.2554957738083388,-0.2846087249098874,-0.41221357219877675,23,0.02179974343043478,0.01742293813600557,23,0.004319064502678444,0.022943716865302066,-0.0347631354954927
2020-08-01,1.0,0.002086238043422965,0.22556935390462626,0.05267146973847863,-0.028780814373070618,-0.34362866927336255,0.10730404487024796,-0.19267435708392036,0.10861518957057059,0.15513276142494747,0.4465504590599668,21,0.005229028540476191,0.009184482886907286,21,0.0013658524356623995,0.010764133757558816,-0.22453588208281375
2020-09-01,0.9999999999999998,-0.390817874398263,0.22986581097183373,-0.13443733549115797,-0.461457431406085,0.1580445342775175,-0.25771040799161593,0.021518767634455517,-0.0803755344545835,0.02551573600243273,0.26231931547740733,22,0.0008522770818181816,0.00796471480187063,22,-0.0015410780560684268,0.01026401002588357,-0.15622789346580793
2020-10-01,1.0,0.07057803065811243,0.27857569135695776,0.13264260720588383,0.03012701627451319,-0.21051434288670934,-0.07700521716959695,-0.38814403518800744,-0.22620568463940716,-0.07098055895744994,-0.053808291741503714,16,0.00191786106875,0.011095425624140098,16,0.0009205116645630003,0.010437702048279011,0.26825213958718924
2020-11-01,1.0,-0.06187082657114543,-0.07322455120887374,-0.2771469504496018,-0.02338756718032024,0.2333335844144327,0.13692708880339172,0.022146720924903877,-0.14298050513523117,0.052895023701166076,0.2861692682989679,21,0.00514195996904762,0.01007063801418364,21,0.0026680077938104666,0.009207777362864355,-0.11659538118137594
2020-12-01,0.9999999999999999,0.3032352238213565,0.4055808152630605,0.09635917751980642,-0.11614004361399995,-0.2963218587881045,-0.15584566227420255,-0.21604397090724725,-0.018482317776357317,0.02479907962742795,0.3027445806028801,23,0.003645889240521739,0.012421043276595108,23,0.0020944372763096824,0.00968815486091527,-0.3303839721342333
2021-01-01,1.0,0.19062544737414164,-0.026999776128342732,0.19628453587354666,0.2766206058693654,0.0653465046376281,-0.15514879945800816,0.11567643616567602,-0.09357565400868804,-0.208911191244175,-0.309574160117268,20,0.0073196235699999985,0.011824861444583726,20,0.000987400677914525,0.013470739888471778,-0.18590606098299495
2021-02-01,1.0,-0.04067581553627454,0.4638282870746528,0.06101722546936872,0.40959498095596525,-0.43095181477884753,0.2574712853768074,-0.38406910386258714,-0.3635521700587679,-0.44763352554635044,-0.07013685049742886,15,0.002215801464133333,0.01111781784774593,15,0.0007783998797151576,0.015342131329534844,-0.12559074262410366
2021-03-01,1.0,-0.0622083744596516,-0.11598596237680035,-0.22837917203574695,0.01960361205695276,-0.07482884814335625,-0.01928700069709779,0.21892535585607195,-0.10574993831059679,-0.03810744724209661,-0.24961896931846392,23,0.0032090603439130427,0.009277574591633777,23,-0.002592815518134339,0.015997267251276908,-0.1709033254992056
2021-04-01,1.0,-0.07363541348754347,-0.11251060358335581,-0.21526738086799765,0.3103100090647274,-0.21454358230659065,-0.20844652505926448,-0.36302716844273025,0.35021375629422064,-0.11309522921506164,0.14518438829243255,21,0.004626189320285714,0.00528123504706474,21,-0.0006526710903937095,0.00964988210494954,-0.3198233826753876
2021-05-01,1.0,-0.02861361013028923,0.1218328313199913,-0.06700455024834182,-0.04500249536046661,-0.30559708184604883,-0.24725543878803796,-0.1241390598866371,-0.1184101366451867,-0.11911591713446602,-0.33016935196984293,18,0.0013403277277777778,0.009955947816168332,18,0.002474710413484767,0.013058118513349972,-0.2789974526338462
2021-06-01,0.9999999999999999,0.5407202063105937,-0.1147367400485913,-0.6149503197000823,-0.4833976760143765,-0.24148138554273454,-0.11779085505665925,0.11422026509836943,0.27172091564215267,0.39666045992426857,0.3359550903922166,21,0.00605200569857143,0.011998996974000661,21,-0.0020195361879921333,0.0074188688535097086,-0.1300574471544731
2021-07-01,1.0,-0.33849403153054197,0.3576412051985605,-0.387648238272652,0.22981078198221647,-0.08740951880291511,0.15224134658897093,-0.4091528590008661,-0.012956517991976682,-0.1339806154153223,0.3638093939512911,22,0.003009234861818182,0.009574192242465659,22,-0.005020164654714341,0.015346216834258453,-0.030528287481404345
2021-08-01,1.0,0.37339013414253375,0.2236116973913598,0.17425450362382727,0.0969776473682384,-0.15925731673328702,-0.17992313758532086,-0.3088100155015229,-0.13717797844712196,-0.2784626320940787,0.07078881760978879,22,-0.0003810015454545459,0.015949665677332213,22,-0.0005218310458321044,0.013100397220196737,-0.1748500869653888
2021-09-01,1.0,0.42944401835925533,0.08793405896034977,0.0063933113488041995,-0.009673000220462148,-0.04461287316145819,-0.017547369721192058,-0.034396995235454676,-0.406971526635138,-0.4479655834062194,-0.15594295775111433,20,0.004419715661999999,0.01295036844575313,20,0.0015878233874816305,0.010374112923302092,-0.20754679695189227
2021-10-01,1.0,-0.28458402197099036,-0.06451070626042185,-0.3567952320696479,0.30407528489676083,-0.3257260295215312,-0.1275806566878406,0.3325679324910056,0.23682809568800847,-0.15834615507089927,-0.3521738029117885,16,-0.00139342010875,0.008523166821600436,16,0.0013586818971645122,0.009811232302156145,-0.17698041062567527
2021-11-01,1.0,0.1474372618374265,-0.22322289967344935,-0.31768060571257584,-0.163040573658447,0.17981078970864364,-0.01732988329649167,0.08496369294066963,-0.14407325295330015,0.15436001370281896,-0.11534094328632238,22,0.003149407990909091,0.010647341589830812,22,-0.001440228113396277,0.007371580908230565,-0.09062579783840127
2021-12-01,1.0,0.006895226939772996,0.11759464901100511,-0.20962788541513355,-0.507344357661011,0.05296931328106437,-0.15867832433073678,0.3786939130215613,0.23236212208556184,-0.07230445281070108,0.1621734679628619,23,0.0012852827913043478,0.008923262977868654,23,0.0014715904321870089,0.008595907816496865,0.2664927494400716
2022-01-01,1.0,-0.11149042572274095,0.16873247309746384,-0.1253643417002264,0.08999686347981534,0.016220861824366564,0.023845588499932915,-0.05578029946164063,-0.21867757762921858,0.007353117141778916,-0.08377970821194018,19,0.0026239784363157894,0.012645559402083364,19,-0.0036658662303747057,0.010362273274114937,0.024181329640260003
2022-02-01,0.9999999999999999,0.412012708624401,-0.15423765084190913,-0.6563600577063243,-0.49994363406768977,-0.28951616270126673,0.1197216570165941,0.7275786494666485,0.3263514228290605,0.08891261024732686,-0.3041441381180021,16,0.00668976545625,0.010831787476576179,16,0.0005452535071070002,0.00912202955074604,-0.36555023363166705
2022-03-01,1.0,-0.0381585953056521,0.17651195348731005,-0.28341349705428937,-0.3588070472337486,0.019024842054411455,-0.1657658274777627,0.04674517292019728,0.24052593199661618,0.12254894891982583,0.13005148504347724,23,0.003429057177826087,0.015925438608637606,23,-0.002646765407294326,0.01946701235484227,0.47255804628251347
2022-04-01,1.0,0.12499226807652665,-0.01604347626201941,-0.048189836322718026,0.39022775356740036,-0.2536617474485657,-0.06178809176863348,-0.40415323642657164,0.09905727317814583,0.11165149717516144,-0.05958499583944509,19,-0.0009538080121052631,0.01045548812230246,19,-0.001725392818901994,0.016595249990327354,-0.2455987027049825
2022-05-01,1.0,-0.03527379846462582,-0.4215289800574213,-0.17158729158395417,0.12452152502264478,0.4969175669464321,0.3061832913333529,-0.4143363585050362,-0.32770821104952425,0.06416119015943068,0.20625583332340325,19,0.002361618954736842,0.011720896608101652,19,0.00014763110620280527,0.011890614267199815,0.3121546150125755
2022-06-01,0.9999999999999998,0.13391977816949557,-0.03589581238639665,0.10464145238265411,-0.034148878286283164,-0.04925565816575451,0.2590244776279099,0.09127830100000275,-0.00451419353424531,-0.14437145652109978,0.007434238993268378,21,0.0074671121838095255,0.008655667272294837,21,0.003979150887235052,0.010776140404484111,0.2900833258150937
2022-07-01,0.9999999999999998,-0.11527668464222876,0.009106393539344443,0.20848682019645048,0.25413346369557427,0.21161573828267724,0.1574799386113806,0.31619210022169913,-0.0999533316434514,0.13114456892693493,0.06764350090046872,21,0.0007165132123809526,0.009500698794315829,21,-0.004334072887713948,0.008261219358489027,0.08954378012621243
2022-08-01,1.0,0.19141717039542233,0.1032406337684619,0.18781828819551535,-0.2804920388871953,-0.1457043153447976,-0.32137073121058435,-0.11494902621815402,0.07393340250589438,-0.21362254061300032,-0.011243986987561292,23,-0.00035945521173913036,0.007171683709827204,23,-0.00047830318996406506,0.009562381072893034,0.08359803980815488
2022-09-01,0.9999999999999998,-0.2630597026593706,0.14649325740893188,0.3853973494722449,-0.12556815331309368,0.025247460667639568,0.00557333439834437,-0.11116743065410613,-0.054432752088317354,-0.267526400491633,0.06710901473685654,21,-0.00013675193223809548,0.00926237568024538,21,-0.0026894858142720336,0.008755992203146358,0.12415807473322664
2022-10-01,0.9999999999999999,-0.3780610349832798,0.34209627850726537,-0.35904589701686407,0.03606428806881617,-0.2747646565757899,-0.08325238964224368,-0.167856059322504,0.1992514765195167,-0.09087985488808804,-0.023769877753366437,16,-0.00228333470625,0.011990175486825549,16,-0.008016410165279918,0.014076789598974643,-0.38343428453168704
2022-11-01,1.0,0.03975180538526687,-0.36401876720121795,0.20527871608031212,0.41974491711942874,-0.35088143435755426,-0.14258677323104635,0.19638388665747777,0.0938246651277153,-0.5022033800347078,-0.12471079360042796,22,0.005191022135,0.01631288270104753,22,0.00576772894151476,0.01689808643492466,-0.3506632449316915
2022-12-01,0.9999999999999999,0.1587378995894335,0.3196242172452162,0.2436082365083534,0.03328162440074233,-0.054519879199525605,-0.05221541476350409,-0.28385064955199235,-0.12259442967805614,-0.3261189273135375,0.0655556186183045,22,0.006175626949999999,0.012592315403661123,22,0.0004979264906877358,0.00913183593111069,0.2674248905930426
2023-01-01,1.0,0.33586070041764354,0.17066218467729957,-0.06755190249996694,-0.2374340437551868,-0.4586923128783431,-0.38147603000010505,-0.2342052703256878,-0.36354966460918786,-0.07912301933844411,-0.2624480962641921,16,0.002627180075,0.006178200411088068,16,0.0039672890990039185,0.007971007089525717,-0.31994568235276905
2023-02-01,1.0,-0.18859804740861927,0.15505492392587145,-0.35584155825230723,0.031775552152550346,-0.20533489525482487,-0.05920265305138648,-0.02881451073438563,-0.11067550022977869,0.10459128367523875,0.06969872957560508,20,0.00109090073515,0.011124035832622947,20,-0.0012768723324944101,0.00987509850542802,-0.15751564309388116
2023-03-01,1.0,-0.16133089218405103,-0.31869329166790805,-0.16925254171010862,0.35669953208299376,0.13004430464126318,-0.2522275152408591,-0.2837393025273297,0.22779255089942782,0.1417240244011711,-0.06865210714600302,23,0.004878121034782608,0.015423673283541542,23,-0.0012117202677408955,0.007523382332369066,-0.015984198924247062
2023-04-01,0.9999999999999998,0.20208897662095726,-0.004702895729021243,-0.07949309782281565,-0.04329277559778685,-0.00855778034736909,0.0590151840319017,-0.2345006280482826,-0.3690782017879719,-0.41528742949188974,0.06806033857987938,19,0.0034074148999999995,0.009921282305890443,19,0.00031226090552140636,0.008716898602559062,-0.026010530628675057
2023-05-01,1.0,0.44773752526674615,0.38897050070907147,0.33687724559201715,0.10080833086755898,0.18598611369369306,0.19391150922444406,0.05501992968614421,0.021233025060701897,0.02657233076710414,-0.10905039569957432,20,0.0018888066249999995,0.013994820182879392,20,-0.0035676718173143747,0.008993092700775857,0.22395134571867764
2023-06-01,1.0,-0.0016942746398012887,-0.3197134851563588,-0.10016964295161501,-0.19639313784606155,0.033957992323687326,-0.08586678089138038,-0.03666629456472918,0.0977865720083297,0.32814772667979275,-0.04056635887612025,20,-0.0017016091555000002,0.008473022200667667,20,-2.5072962845754803e-05,0.008449195333005068,-0.06307220462355906
2023-07-01,1.0,-0.0810772225366884,0.10340497841242428,-0.31387812482193606,0.08253249129816478,0.0290158459302315,0.1807544905250827,-0.5071595068629133,0.06535160667959979,0.1314570679202877,0.4666838331482652,21,0.0019787486285714286,0.007098920765561631,21,0.002985942936056076,0.010561240857089399,-0.29344732101134113
2023-08-01,0.9999999999999999,0.13030293506672472,0.01911873333451091,-0.04616363830803086,-0.32555507847066706,-0.033622791706143726,-0.021194710958366687,0.13550843643525534,-0.033459797527440986,0.23318997324789456,-0.0037098463756268453,23,-0.0008524416695652173,0.013371310788468326,23,-0.002407153343632409,0.00821041272401132,0.23844303627578448
2023-09-01,1.0,0.16418308143728388,0.07154972139681844,0.2891583287528187,-0.011648211901892072,-0.1820150489372686,-0.04773572381483994,-0.5104853955659884,-0.29114061197358126,-0.18800221399235426,-0.3834335830216993,20,-0.0016226198266999995,0.01098573364234817,20,-6.716426356965498e-05,0.008513565536192754,0.11120493976628346
2023-10-01,1.0,-0.08240646118949915,0.24988227367754742,-0.005387226239398206,-0.18724990605992933,-0.04878407923692279,-0.10694599905867903,-0.11779797755956008,0.11006549679449117,-0.2079810448355759,0.08178017187764776,17,-0.0030579775647058822,0.008598351341615894,17,-0.0022871794772905234,0.008413066497328764,-0.34999046998170713
2023-11-01,1.0,0.26446661203336036,0.17716718529307518,0.08533676220740902,-0.06382836603315387,-0.05242857387870654,-0.22086923670047784,-0.5645290666246768,-0.49210884229467156,-0.23095398968168915,-0.16886488325891894,22,0.0004705126409090909,0.006219623260721266,22,-0.0008654500610501136,0.005569877754838783,-0.44578111057068553
2023-12-01,0.9999999999999999,-0.16350532681691884,0.1242370908288212,0.29485708480582834,-0.05976657514570765,-0.0286416901633054,-0.055157948279735455,-0.2579914996502017,0.02745100796047188,-0.3746849645447299,-0.12595395257886868,21,0.001968461428571429,0.011549703362190113,21,-0.0008084584421937048,0.009099723003533873,-0.09715308156704526
2024-01-01,1.0,0.19777760243162057,0.2660436640078421,0.23865998491095924,0.06849852766949632,-0.15630672041313848,-0.313932079996907,0.03992262323406637,-0.22877498742304353,-0.4199742414725405,-0.034165698698607624,22,0.008146820794090908,0.01941445831531874,22,-0.001426528854189873,0.010244250697545447,0.02403869615605209
2024-02-01,0.9999999999999999,-0.08229864808789898,0.07955826606343713,0.007070848755042283,-0.3781784724401542,-0.3501967679033164,-0.17793595064921502,0.10178621412596627,-0.3662074252740732,0.22120099863623696,0.25681375185134586,15,0.013749303413333332,0.013142046178417034,15,0.004539286703020668,0.010823232755422662,0.07031271028848356
2024-03-01,1.0,0.13721764109829135,0.2447818774353589,-0.2548401135004075,0.5228577174419584,-0.003637373256618817,0.1581166395382218,-0.15199038467001216,0.3061332271421919,0.15893385198255522,0.38275892859479665,21,0.00585284198047619,0.005860004392033711,21,3.511220183770487e-05,0.005457055717730575,-0.13489885096291343
2024-04-01,0.9999999999999998,0.35236569985955696,-0.06272715092095305,-0.43659346327608894,-0.1935967778967407,0.1366229170157759,0.037490397708467446,0.021265681974796335,-0.22914532444895733,-0.006698767920593973,-0.17967855601946275,20,0.00042707446055000026,0.008378697840426807,20,0.00101086416317492,0.007531655704350914,-0.09385051668762522
2024-05-01,0.9999999999999999,0.4526523720605503,0.1212429560637529,0.1835914855172739,-0.18417857444422983,-0.37026329322760787,-0.025684342494704616,0.2566573335296212,-0.01991029393721717,-0.18028121304048617,0.04974611903581558,20,0.0051455671085,0.01250551248561055,20,-4.181535719781017e-05,0.00698385794555344,-0.006992626847602991
2024-06-01,0.9999999999999999,0.06669315858594835,0.031217472906454012,-0.20175531810585226,0.046009842035451574,0.12928315022339626,0.12818156998865782,0.04210105730653342,-0.23214819677824075,-0.278806655438383,-0.1587150940059574,19,-0.0038958502878947386,0.010938311159399701,19,-0.0014588519337469749,0.004539420361479774,-0.32693465263741744
2024-07-01,1.0,-0.16959003896649283,-0.013413590602801766,-0.3212285893896443,-0.23383548046575764,0.33197531615470993,-0.02267252287869343,0.07503047154412514,-0.36528689403518305,0.0371957271410907,0.01815308435804945,23,0.0017836859919999999,0.010029047766143067,23,-0.00035510065688496516,0.007097987049645005,0.15113328095227122
2024-08-01,1.0,0.09127701010507551,-0.0045782952356130426,-0.40629956693690894,-0.4773286937960618,-0.04425309048947273,-0.040503210548868684,0.38208581710728357,0.16881569498622706,0.2597321439280923,-0.1973396940206574,22,0.002806213494545454,0.014214723583820359,22,-0.0007754459861269499,0.005345506916139959,0.009279304220422554
2024-09-01,1.0,0.022439466180443488,0.04446570500866681,-0.14342870942854352,-0.1669338022068395,-0.030082070132021573,0.2131247320714334,0.4053732509227362,-0.21942910052004774,-0.007525001227582065,-0.48456533225616477,19,0.0027977733,0.011939101955072588,19,0.008708463146910922,0.022278192653501155,0.29056644304303697
2024-10-01,1.0,0.22099422447769032,0.1157564803077091,0.13483898176117615,0.25374499910533654,-0.15116143460502177,-0.3959744176842273,-0.20358844312329746,-0.09777439592162188,-0.2835831735132076,-0.5424430002131414,18,0.021145759558888887,0.01970237318862837,18,-0.0025218426535236664,0.02125408602903765,-0.16470888618051807
2024-11-01,1.0,0.19186201751661908,0.283421255311461,0.0268541946302296,0.14511380422215384,-0.04001826913352393,0.13249781104221706,-0.12805520309193535,0.09440461773745774,0.11426788950051638,0.3114693880380782,21,0.006295492413809523,0.00872269084398778,21,-0.00014779985869940515,0.012957755274589044,0.3535142300327443
2024-12-01,1.0,-0.26986963148554155,-0.0759386352806074,-0.18687452810588578,0.25174719309566995,-0.23210189954161128,0.12521077828447158,-0.29808522520885444,0.18204044001072037,-0.12770233216288496,0.1998510592880617,22,-0.001963906322727273,0.0043512142471579,22,0.0010240638808811453,0.008189112527346843,-0.3767050929279234
2025-01-01,1.0,0.04843911354918323,0.33229106795989116,0.3328457868942731,0.14769474663147855,0.23478789598350028,-0.1851422023968597,0.2337673862062592,-0.05664945849632015,-0.15879529803164782,0.0967249060798374,18,0.0018768938333333335,0.00786529081638063,18,-0.002132885298984422,0.009192242290526058,0.07404847401529997
2025-02-01,1.0,-0.19702381743761194,-0.26582549989204896,-0.18442887909005728,0.2355621686825819,0.3251778396092769,-0.42636118370076204,-0.03729947905827742,-0.14601036856968533,0.1474455961211341,-0.21134324070231997,18,0.0035882202800000002,0.00977413695780513,18,0.0011767651288813056,0.007859776583133265,-0.0780922499985054
2025-03-01,1.0,-0.1677785810853928,-0.05302756478237579,0.020870299265245824,-0.14357846034574767,0.14199566848475112,0.1202055699253364,-0.2837856279646417,0.006355406318665628,-0.07604954040788178,-0.19478707997303604,21,0.0068012601276190455,0.012241574774308721,21,0.0004788346323370573,0.009035894591285405,-0.006254729909858788
2025-04-01,1.0,-0.1591749492113036,-0.11537840484618753,-0.04338041032005105,-0.16295462429870355,-0.11596963493821723,0.4044072776286079,-0.1444816351397628,0.01872501362820463,-0.13349348736458272,-0.18282833957915773,21,-0.004492383801428572,0.012206743139415863,21,-0.0005836086464387857,0.013676469336473023,-0.001214298884042401
2025-05-01,1.0,-0.011290246384947526,-0.019140274350234517,-0.13341098881726404,-0.3542906073379743,0.167770257076331,-0.09112631895513311,0.08067410255427515,-0.2871506537269633,-0.2430964775854642,-0.4467498415032907,19,-0.0014000519136842106,0.006344312129001495,19,0.0009024713871316842,0.006222715293126807,-0.10277944910996042
2025-06-01,0.9999999999999999,0.5954205763519403,0.14678214176319865,-0.11230439931527023,-0.24418020260097398,-0.36678576799513896,0.08054251225877578,0.28968430561278463,0.07607272464826129,-0.005020778488797291,-0.008164430632755754,20,-0.00018047800389999993,0.00634338804946025,20,0.00061755402732866,0.005321869006125588,-0.29226732481145273
2025-07-01,1.0,0.0645229168511569,-0.23246040845232785,-0.18530918261496454,-0.11766924195509337,0.010815567145052307,-0.6056137948480971,-0.23265742500302922,-0.12777391185297665,0.0248414638496026,0.17843068523540756,23,0.013653711797608697,0.01346670518826621,23,0.0010141198946468277,0.004981137870668689,0.1979830176501184
2025-08-01,1.0,0.11016131280993946,0.14485939782748408,0.026526646165330816,-0.10516234887733725,-0.12893308459038688,0.17557773831167,-0.16440411117027529,0.12026789462677723,0.08895439602523314,-0.09469226131394462,21,0.013731501119047619,0.014097040143137382,21,0.003320504489339591,0.009321749636732459,-0.0777709164471438
2025-09-01,1.0,0.09598646043080422,-0.3697137896264918,0.1444506352510714,0.3923782177410423,-0.29018673251445853,-0.021386518902683106,0.6023911485390695,-0.1598063798352252,-0.33686839093946414,0.21680843891768142,22,0.01065423585,0.015254274915497551,22,0.00019003522219935008,0.007628898205838612,-0.12680448010859055
2025-10-01,1.0,-0.12083373356462553,-0.0072370145631399764,-0.1295073580761064,-0.16608720057174364,0.0742641882953526,-0.1981888164414857,0.12270201745483754,-0.08108538950829963,-0.32816645801708233,0.2627666128202906,17,0.005886917593529412,0.012369091676516557,17,0.0004432992287322647,0.008867604970216759,-0.013056141168232557
2025-11-01,0.9999999999999999,-0.08653655181783648,-0.048347119461041255,-0.34187349180550536,0.10704419514836803,0.11862525704574964,0.02125615972921348,-0.28105523782920117,0.06004186471299858,-0.02868550791943943,-0.07834891301156105,20,-0.0002324265300000001,0.010326235318203389,20,-0.0007010448942350851,0.006834638003631724,-0.07574958455582198
2025-12-01,0.9999999999999999,0.3300486792900013,0.15190243159042488,-0.10231920898916347,0.12724536511064038,0.08834742418670014,-0.3256096293156545,-0.31771165386771555,-0.449006836844241,-0.35413617671172004,-0.5730719177991336,23,0.005103832419130434,0.007216122159670944,23,0.000891369077840048,0.005534187129821242,-0.1642381690064915
2026-01-01,1.0,0.027325571976187728,-0.2020417169966566,-0.3388279156247706,0.03770047532623918,-0.05000384507709378,0.08062625665863785,0.3462884049509183,0.0569169331185224,-0.2096922107923573,-0.31915205643007705,20,0.002883039098,0.009138942631276792,20,0.0005800679396360949,0.009126292077523267,-0.10008775763303633
2026-02-01,1.0,0.13117891545863217,-0.2847537050558034,-0.12112310160332317,-0.1452592621527369,-0.11134440439537838,-0.09702575216661422,-0.40626459378957547,-0.5932199992340107,-0.5959081908441,-0.06738408470133463,11,0.008329152301818181,0.008504666982809562,11,-0.0007495649437787456,0.010311394624624883,-0.2363031654003211
