date,whole_market,000016.SH,000300.SH,000510.SH,000688.SH,000852.SH,000905.SH,399006.SZ,932000.CSI
2004-11-01,-1.0,-1.0,,,,,,,
2004-12-01,-1.1978166257927816,-1.1978166257927816,,,,,,,
2005-01-01,-1.664663201729072,-1.664663201729072,,,,,,,
2005-02-01,-1.7698400240968173,-1.7698400240968173,,,,,,,
2005-03-01,-1.8035551939939878,-1.8035551939939878,,,,,,,
2005-04-01,-1.6596840876639,-1.6596840876639,,,,,,,
2005-05-01,-1.5037261054514812,-1.5037261054514812,,,,,,,
2005-06-01,-1.7060079649739446,-1.7060079649739446,,,,,,,
2005-07-01,-1.8066684553072037,-1.6546409360237684,-0.25268800961669424,,,,,,
2005-08-01,-1.485638159834536,-1.3361079340327693,0.07083957933764162,,,,,,
2005-09-01,-1.4865437746274235,-1.3360721867359702,0.06899260245506782,,,,,,
2005-10-01,-1.6573819456009933,-1.5943635604132669,-0.014392365814775265,,,,,,
2005-11-01,-1.3758655639718063,-1.3861794900006972,0.18500547191858982,1.0,,-1.0,1.0,,
2005-12-01,-1.3577405694718816,-1.3490401623733352,0.3874771930200217,1.3231387463812996,,-1.2823674779889123,0.810242655378442,,
2006-01-01,-1.6415612476142858,-1.5886810112848921,0.08369108414589471,0.9957020273435244,,-1.5546523141496724,0.5342877776506394,,
2006-02-01,-1.782855277960451,-1.7079005736818098,-0.10367349563663533,0.7878575622962019,,-1.5879235884731442,0.3755175074700553,,
2006-03-01,-1.5649821486936477,-1.5658542441597172,0.17213248856634292,1.0655197839841346,,-1.5505819426847207,0.7320269726026447,,
2006-04-01,-1.6231525424075501,-1.7889285555329895,0.17756650751278585,1.0339243578590749,,-1.444265523384014,0.5840943032843147,,
2006-05-01,-2.082275960549277,-2.2803112229587605,-0.322153887554188,0.6057428055839239,,-1.9302903161810174,0.1937866201405785,,
2006-06-01,-1.8960724041871884,-2.151617760980737,-0.03603703391492907,0.9088439258336796,,-1.756080709086419,0.23268335898938564,,
2006-07-01,-2.053706567378292,-2.176921478415819,-0.1788261646527634,0.7505286021101543,,-1.9651153079779515,-0.020044686178158133,,
2006-08-01,-1.8292846943909393,-1.8838165544580083,0.144446189016826,1.0569517185250765,,-1.9645410887507555,0.17869006548908667,,
2006-09-01,-1.770977675093055,-1.524851040274886,0.4830137169757102,1.1624713804162201,,-2.188434559917448,-0.10893407088794926,,
2006-10-01,-1.8913555789587564,-1.6600434473163046,0.53037741440372,1.22905826131823,,-2.5985581849225152,-0.27945813649998913,,
2006-11-01,-1.8717284483987204,-1.4003911383764254,0.7638229207836428,1.2212558562445968,,-2.7901891998977115,-0.47498687897078185,,
2006-12-01,-1.59967878258531,-1.18401062358743,1.088523425954737,1.4847513080901278,,-2.4625179085285023,-0.24698631307855998,,
2007-01-01,-1.6260803599548668,-1.3854946009081655,0.8270697265285364,1.268890938122085,,-2.0793600469220346,-0.0833540148178325,,
2007-02-01,-1.596966585629801,-1.3806427291621863,0.9132055422884646,1.1442049369076677,,-2.039248620171463,0.055801743765434675,,
2007-03-01,-1.5143279143757071,-1.2779145242123642,0.9613275235858314,1.3129903735052002,,-1.989679347905017,0.09979020492473678,,
2007-04-01,-1.4358539304437725,-1.0707513992811268,1.0373368184688985,1.4254914199467863,,-1.9940957638253225,0.10090307424882462,,
2007-05-01,-1.4982776100616841,-1.4934020200816198,0.7281761123840548,1.3195444704478312,,-1.6700877840663195,0.30253497278455527,,
2007-06-01,-1.8275861001669615,-1.8063575986324554,0.26071081122414463,0.9116977862664977,,-1.653442505381758,-0.17238519253431406,,
2007-07-01,-1.5024476946844176,-1.577048247073254,0.7009799203238557,1.3192247624461815,,-1.4285604338395066,0.15131932649755775,,
2007-08-01,-1.4753175799628375,-1.5619067682065406,0.6032234180454688,1.1825017923558958,,-1.2737210947169806,0.35146855448489195,,
2007-09-01,-1.8767750442073026,-1.9585821772172436,0.10980086509643627,0.7230657294298166,,-1.4850173068491093,-0.0949885297194904,,
2007-10-01,-1.747212953144975,-2.1846453222925413,0.30795677634881946,0.9691992946270184,,-1.220293383883322,0.06987167125207311,,
2007-11-01,-1.5904112159073036,-1.972133127214169,0.6891436589121052,1.2513420289836943,,-1.275115595226009,0.03286075678478217,,
2007-12-01,-1.570722654096936,-1.8285398443147038,0.708196894844086,1.1265258614365767,,-1.0864505342610304,-0.09519184641268624,,
2008-01-01,-1.7508052958713662,-1.6157404262958566,0.6414802308980982,0.9506034000123795,,-1.5210612405550878,-0.5311546416394428,,
2008-02-01,-1.5586691305384954,-1.5101228505977662,0.6727533802402249,1.0668094289290446,,-1.2112348990552053,-0.1333969104318531,,
2008-03-01,-1.7596630973678646,-1.6742479448145033,0.4163507395123645,0.8414417218971947,,-1.3751838521177475,-0.3285223495397098,,
2008-04-01,-1.8618352707208075,-1.7063684021545402,0.47382158692962484,0.8823644641059574,,-1.74827712400876,-0.5325630766993978,,
2008-05-01,-1.9761713767061708,-1.7389420246467886,0.369372782463096,0.7224187697850354,,-1.8617541346370399,-0.6937984747182361,,
2008-06-01,-1.8733384890156743,-1.6514055816873694,0.4218577484568065,0.7879101933935769,,-1.673402038089627,-0.5734989653748378,,
2008-07-01,-1.870000934559707,-1.5698460671611283,0.411163516834328,0.8572724041539412,,-1.7942557418666585,-0.576184982982097,,
2008-08-01,-2.0821287705152116,-1.9979019073983493,0.2087270957280787,0.5911216398998813,,-1.801342522676736,-0.733094356352013,,
2008-09-01,-1.8746192922777376,-1.8628807154633589,0.4460945402805498,0.8058893973984307,,-1.6091412502966107,-0.4749046315307791,,
2008-10-01,-2.227783436303221,-2.4649461499695233,-0.17104377069575555,0.20027891973246792,,-1.577400355039851,-0.4476520237665233,,
2008-11-01,-2.4087464726814396,-2.580001395690525,-0.32636679534416274,0.0571071725361163,,-1.8137511813251208,-0.7025663618065847,,
2008-12-01,-2.1706439789551757,-2.6202848759139075,-0.11046229800922391,0.366459016768745,,-1.4986324380508305,-0.3121454977937397,,
2009-01-01,-2.191768758377499,-2.731154305210838,-0.13051336626711366,0.3720876260060914,,-1.541156311762078,-0.24995363287663513,,
2009-02-01,-2.0827418056314184,-2.883959942041357,0.016554860920657194,0.4927772527915491,,-1.374882638048453,0.013955239997434976,,
2009-03-01,-2.0091087727653836,-2.911283743731135,0.17967438505750669,0.6346417551585664,,-1.3277890649009665,0.05736660636603391,,
2009-04-01,-2.1233628974702756,-2.953157258449492,0.04257980592058369,0.49448924808461203,,-1.433666173071235,-0.08890630805892402,,
2009-05-01,-1.9384912556322862,-2.842515782992251,0.12681438037361165,0.7039749471891856,,-1.1889448944348058,0.18636887347975112,,
2009-06-01,-2.023173337740368,-3.0230973580630587,0.13694392436086783,0.7370047546399938,,-1.2806353922019387,-0.007928815660781463,,
2009-07-01,-2.1962178010197753,-3.1931839044371277,0.013371065964152246,0.6226940433893657,,-1.590216963445725,-0.15559944479261945,,
2009-08-01,-2.074756999567691,-3.1054843967612307,0.07509647369639105,0.6662914530165328,,-1.32357803088491,-0.007956695128316732,,
2009-09-01,-1.653036546008628,-2.9782923655836546,0.4510128821311976,1.0486018898208542,,-0.7442587535710944,0.6359074189364791,,
2009-10-01,-1.7101289563573991,-3.2533608649884225,0.41125400287182906,1.033605938785595,,-0.7673383739813867,0.703348317302311,,
2009-11-01,-2.097960769804111,-3.73590835318435,0.0024722725279232027,0.6786101419686827,,-1.1042493584890671,0.34742524993317714,,
2009-12-01,-2.1123171037531385,-3.690474921854606,-0.15014736271965287,0.5095041958434564,,-0.9374592826097823,0.38514565435181425,,
2010-01-01,-1.886364726416511,-3.350406512555089,0.24909933418177535,0.8724970331886557,,-0.9683748802861755,0.44351519516519955,,
2010-02-01,-1.8903887008669042,-3.64124581762735,0.1611393459780106,0.7551529971222912,,-0.898138916827148,0.8493026887965964,,
2010-03-01,-1.9651557801343191,-3.820382857619612,0.35109176229368144,0.9679867393161378,,-1.2740069494555644,0.6276862065706834,,
2010-04-01,-2.0650239615916615,-3.836576500610532,0.19491424313321568,0.813052302134369,,-1.3345530810765056,0.516197030238067,,
2010-05-01,-2.4510695351589056,-4.247700478525946,-0.3269280466167367,0.265952303360931,,-1.508408510625302,0.23989085838944751,,
2010-06-01,-2.717846480427675,-4.498037404890048,-0.6694418057581575,-0.07623321161328689,,-1.6345243325406646,-0.032841845559297644,,
2010-07-01,-2.3406344737459523,-4.140632203689805,-0.26574719189573903,0.25294355275516034,,-1.2069452788934067,0.3353625547709497,,
2010-08-01,-2.405265764291244,-4.068375286277872,-0.3336224092568744,0.21374779483232548,,-1.3006951390059596,0.14077002002908218,,
2010-09-01,-2.3748591157259766,-4.17767932363641,-0.1929385845356196,0.3023237455156116,,-1.2744140481039579,0.14656643390741458,,
2010-10-01,-2.672761948856897,-4.509018372915013,-0.6389635769544367,-0.10712930356850153,,-1.374224325684828,-0.056320363384783995,,
2010-11-01,-2.4972278310489675,-4.147098289111045,-0.2458354012655004,0.18243062919911285,,-1.3733692634037018,-0.22411302888678247,,
2010-12-01,-2.430000787916244,-4.098561806583327,-0.14934321590876293,0.26667220617962867,,-1.2487527234852829,-0.24186459800655588,,
2011-01-01,-2.5097324019773004,-4.190647623362375,-0.2166672516811054,0.08211635887896193,,-1.3413882937159134,-0.20392139822914943,,
2011-02-01,-2.466271282272729,-3.8765982871582145,-0.20928882869705323,0.3954513027543388,,-1.6434100199482617,-0.3193567765375333,,
2011-03-01,-2.528452661119178,-4.098281053983484,-0.3582445034566784,0.4443927433137321,,-1.7013109722069655,-0.25066571748557376,,
2011-04-01,-2.1168236992976266,-3.752584611804659,-0.006036364460334509,0.8161690711398422,,-1.5445218970326815,-0.007361930731826921,1.0,
2011-05-01,-2.10583770864507,-3.6722710640450695,0.04087528523534123,0.6700287429039964,,-1.5361584931342098,0.009085499754477859,1.0600202403111432,
2011-06-01,-1.9296502256776822,-3.392242107790942,0.3855374670022923,1.0328728813262298,,-1.5240342913722855,-0.05442340276894667,1.180994562433658,
2011-07-01,-1.9818531118904,-3.2171426724732464,0.4758361107189314,1.103513050316131,,-1.718664801345811,-0.29690678314274876,0.968852887480443,
2011-08-01,-1.7453875358316238,-3.0445964860374755,0.7864582990103135,1.4371055720558998,,-1.4656909799354045,-0.04007155990164252,1.061076402714665,
2011-09-01,-2.051448406685634,-3.494975421145897,0.31330499339407203,0.9666358856069809,,-1.6895260658698792,-0.429076806748974,1.2315534375459911,
2011-10-01,-2.100161051886583,-3.456163371579113,0.265127020302173,1.0423725803557,,-1.9840294551219506,-0.6398894687522901,1.3782228463720834,
2011-11-01,-2.095219710008643,-3.5154844729594728,0.22510309355939076,0.9694569156750487,,-2.07530542590252,-0.6260598759487318,1.6575779684205256,
2011-12-01,-2.0675398933443407,-3.644205506175827,0.19297961346780373,1.0810680180103247,,-1.9554279022081058,-0.6020824381371996,1.729035317873059,
2012-01-01,-2.095514409341629,-3.862992241593496,-0.0909325230652695,1.0280266408121,,-1.8689909093319146,-0.45980472567348973,1.888213765698395,
2012-02-01,-2.208368238117821,-3.8480400122398914,-0.034133252228307806,0.8913789803115408,,-2.0993128331987116,-0.5863108967234527,1.6328150482679955,
2012-03-01,-2.2407468113331532,-3.8828916918742507,-0.10303411118059545,0.8688516906234297,,-2.0210786967255534,-0.7667950594805615,1.6670734635347106,
2012-04-01,-2.278028345921687,-3.5441627987887045,0.1510029568837658,0.7801192996350248,,-2.485133650286801,-1.0639773705577973,1.7005879504804908,
2012-05-01,-2.1764992636338363,-3.670292534387201,0.19628694534190985,0.9974617897723075,,-2.2548605340447567,-0.8955879884736933,1.774603202884516,
2012-06-01,-2.3766977999941235,-3.810228091510717,-0.06963990589117511,0.7021452130886375,,-2.5654171763158753,-1.0783497738231562,1.7679093973836457,
2012-07-01,-2.4685968312932864,-3.784911136862107,-0.1655898132449331,0.6349168198047879,,-2.7862284912392226,-1.0408595934537124,1.5376976901315687,
2012-08-01,-2.5321565902398806,-3.9697185629028704,-0.32043743707928574,0.7428664832076703,,-2.890207318407552,-1.0640306257179888,1.5151943823568441,
2012-09-01,-3.1100008667275167,-4.460203953011406,-0.9832092412026633,0.06816817551644816,,-3.408110505818795,-1.7661381492468062,1.0960949362942214,
2012-10-01,-3.0566347091755026,-4.432223804049185,-0.8308076452317028,0.1905455882940542,,-3.3720156982379725,-1.8082914399801244,1.1195912070480132,
2012-11-01,-3.136043034083259,-4.4190190260368265,-0.914913987662061,-0.07577327158524544,,-3.331928258819365,-1.9892313106479487,1.1212141131479938,
2012-12-01,-3.3825978439651605,-4.711275522612042,-1.2878143173248424,-0.4583998921575321,,-3.519835767883522,-2.218161542848221,1.1065064419312967,
2013-01-01,-3.6385228598399184,-4.847671617964752,-1.517482672157603,-0.8172684179973899,,-3.777552902549612,-2.3885303827997246,0.7239752973256719,
2013-02-01,-3.70890446377952,-4.645440696927839,-1.224430903832602,-0.5739637527695011,,-4.22458277639133,-2.811823427591516,0.4334212377317673,
2013-03-01,-3.8917474127222835,-4.935990477583307,-1.3462817102052849,-0.6776449040838672,,-4.4313851797690305,-2.9322197624870703,0.17964402069095925,
2013-04-01,-4.10982847889098,-5.303444841472976,-1.6829273585803666,-1.0308989669404927,,-4.494236757649892,-3.193676370638893,0.2528198848328416,
2013-05-01,-4.092010145000521,-5.183172611983684,-1.5717675346727256,-0.8521100648132462,,-4.44647568230897,-3.1747735243145048,-0.11715498901389487,
2013-06-01,-4.019604555544997,-5.003233751985025,-1.3173584478149039,-0.6274561223922068,,-4.337687935933396,-3.142860825373574,-0.48242378687477244,
2013-07-01,-4.195788289690616,-5.105128172050454,-1.5552842669133742,-0.8068714379725679,,-4.5111749333078865,-3.342904616246398,-0.6467598487569128,
2013-08-01,-4.290248240908468,-5.364197168874984,-1.7865034523708934,-0.8407874384826082,,-4.515793174138704,-3.5206197718410808,-0.5069819768464391,
2013-09-01,-4.20923894251706,-5.525200522174435,-1.7192713183238082,-0.6812102019129966,,-4.289022741002793,-3.2137290054211065,-0.6203934033711195,
2013-10-01,-4.291239052934757,-5.472533715271483,-2.0525615974611977,-0.746572852646069,,-4.458043391149602,-3.0093299772842794,-0.801786320899808,
2013-11-01,-4.480641504970182,-5.846105263224623,-2.2246000241392174,-0.6732558152662638,,-4.671338695902838,-3.1323702308059134,-1.1295725375861352,
2013-12-01,-4.592182909924197,-5.990831715268464,-2.267281863586826,-0.5431984597482689,,-4.69307576515455,-3.217066528338238,-1.6350366645527292,
2014-01-01,-4.648598067365097,-5.762989772570093,-2.410042118264123,-0.7388631785707361,,-4.7905058651384405,-3.3385409070986682,-1.6440400996524216,
2014-02-01,-4.537395239800031,-5.717622446802237,-2.1980480015749024,-0.5573236429723781,,-4.689879363744582,-3.128055265782607,-1.7268362550273777,
2014-03-01,-4.624676507061722,-5.629867876022778,-2.2419130113417753,-0.6366504903076665,,-4.6988387900909405,-3.30379295025822,-2.030389461452857,
2014-04-01,-4.541054704693676,-5.4530439734084455,-1.8768512546604794,-0.31122854243995873,,-4.983410477280673,-3.390404606320064,-2.0247829111563385,
2014-05-01,-4.667602252386768,-5.757680258979747,-2.156247144506125,-0.5585815800319692,,-4.956625307315722,-3.591479078263498,-1.778393682327453,
2014-06-01,-4.564104300902363,-5.69329046904218,-2.178136897574136,-0.5891151093988651,,-4.79792205878817,-3.4886733091880266,-1.4308814985267089,
2014-07-01,-4.352387614591502,-5.228208848445362,-1.6966627320413512,-0.18582164612129148,,-4.7099291652653585,-3.4786290996487326,-1.6084677331308281,
2014-08-01,-4.383292094969882,-5.2479122614699785,-1.6355215822534899,-0.20221897464289823,,-4.877780303320966,-3.535768006216097,-1.5939449790197684,
2014-09-01,-4.505276584577982,-5.399801562580777,-1.7903414024455087,-0.31756314039127803,,-4.946573482665326,-3.7145352636222895,-1.6562381928666203,
2014-10-01,-4.594281671812022,-5.424529158005646,-1.942214386763723,-0.5389373685754202,,-4.996109457039339,-3.7897778693162256,-1.667515328275686,
2014-11-01,-4.593923375077771,-5.289619543807378,-1.7666168172624133,-0.38901615354944785,,-4.959358828212238,-3.9029581600885916,-1.7416158332364107,-0.30739015467980146
2014-12-01,-4.525733566483837,-5.185063043302635,-1.6948029141646133,-0.30033119941926123,,-4.859923263763505,-3.7798021696047757,-1.45390364660119,-0.6054205938227667
2015-01-01,-4.74992155433629,-5.498582319570334,-2.1262290668136803,-0.7027406482832568,,-4.843931959066814,-4.089243689605039,-1.607138427092466,-0.5806966352143255
2015-02-01,-4.604269700712449,-5.506188513232064,-1.909620437223502,-0.5709815209577054,,-4.43676763224215,-3.8837577320722896,-1.9285739632890833,-0.1931099712622349
2015-03-01,-4.623874722910786,-5.565194296282385,-1.8564551810607033,-0.36334394685732946,,-4.579222642389247,-3.952562097564356,-1.9077502417364123,-0.34170651977695365
2015-04-01,-4.809919924788163,-5.90466521215938,-2.1085397237264565,-0.4212878211222164,,-4.685668143819535,-4.394462373715953,-1.8544908919212244,-0.4994371723442628
2015-05-01,-4.841388790466318,-6.055175958582429,-1.9902216003552895,-0.3877138577868593,,-4.697471531868118,-4.349195354369575,-2.1270266514962834,-0.48202844409756046
2015-06-01,-4.73780559366038,-6.508553607446732,-2.207018201649233,-0.4430186605450538,,-4.282025219445649,-3.962889587969679,-1.8723308222478545,-0.08791492161034475
2015-07-01,-4.501982204174765,-6.429055075018043,-2.0071508300141603,-0.21245855633012023,,-3.8378254554683244,-3.712439033810445,-1.741757787946349,0.22769944407219966
2015-08-01,-4.449440737746893,-6.625897485951744,-1.9570273617295109,-0.06496285157905932,,-3.8400101183104605,-3.428695811996302,-1.7126572195162486,0.2840538195631882
2015-09-01,-4.316247721265925,-6.323965222149598,-1.6041207501727675,0.15891728096326424,,-3.6395596570012683,-3.4866742957779686,-1.8107565489960222,0.29331327898099746
2015-10-01,-4.200932100525196,-6.06767332993064,-1.249582768016373,0.4743731593835802,,-3.455737039532784,-3.32563343381324,-2.069719407661578,0.08833625060277756
2015-11-01,-4.323284233853488,-6.152136127953284,-1.7096237061742503,0.05412084918507831,,-3.4976810593523866,-3.3809131535732053,-1.9875322762643028,0.21166397186604752
2015-12-01,-4.602873245048349,-6.345694866168195,-2.0569097577757356,-0.1944007526441522,,-3.8700010430928757,-3.7077216736730993,-2.3356787264002983,0.09118223912402378
2016-01-01,-4.6723138991817095,-6.371113048526788,-2.09121832935208,-0.24712253458073102,,-3.9954554132661153,-3.9095158963106864,-2.5154368419532105,0.22455290442575837
2016-02-01,-4.7284385026567985,-6.433935277054836,-2.1773478111909563,-0.3463269328062387,,-3.9942361459686913,-3.959358504085961,-2.5676381275548064,0.18066141477201178
2016-03-01,-4.952492093604412,-6.509580829909259,-2.2648441412933247,-0.4326243329257466,,-4.37344292849391,-4.275535145311195,-2.8079403265693674,-0.20258881601996412
2016-04-01,-5.140365933489174,-6.626956511130983,-2.4159770505254783,-0.6821669037007628,,-4.538376199442102,-4.617863939046132,-2.9177257069744607,-0.3826070888961823
2016-05-01,-5.272462556803675,-6.696227247698582,-2.6149877734835716,-0.9115093942929461,,-4.650287761380854,-4.811963620146437,-3.1533914429042613,-0.26798252301095826
2016-06-01,-5.3507361390223345,-6.74876078226109,-2.7317212457777234,-1.0361016251675592,,-4.790945030442565,-4.805130157200303,-3.216561240492706,-0.32504475710627795
2016-07-01,-5.369481229455516,-6.808766160361512,-2.6881703895636635,-1.0624642733982665,,-4.791320856613637,-5.011863431497771,-2.9833305182853325,-0.43956484176031674
2016-08-01,-5.574245622893415,-7.133606582276148,-2.89861814286252,-1.206916272237832,,-5.016188033990731,-5.180154598067059,-3.1697907746398957,-0.6135568214716106
2016-09-01,-5.54920843030393,-7.173330539173049,-2.7139007427992303,-1.26472712946558,,-4.8289225661157005,-5.160899768227193,-3.283139487538083,-0.6186506441005656
2016-10-01,-5.740957084873639,-7.453295781517962,-2.936005052553229,-1.5398201280987467,,-4.943226379013599,-5.208013205585004,-3.3965484378091353,-0.9089024748296846
2016-11-01,-5.580660497303127,-7.359352266999628,-2.6315977081454838,-1.3970676019119708,,-4.6633122471627715,-5.126598197571994,-3.500292547856629,-0.5855147767653008
2016-12-01,-5.457259134446316,-7.360839651052374,-2.8022900009540765,-1.467871936092264,,-4.326545710446301,-4.814494954464554,-3.2242247417346523,-0.4036588116718818
2017-01-01,-5.338024807105626,-7.560634869651886,-2.9460032493157353,-1.59083005813318,,-3.7957945187802697,-4.61833512099463,-2.7355737801146742,-0.31811391804089506
2017-02-01,-5.083571340948883,-7.306210505289466,-3.029228254732341,-1.6518075098702265,,-3.5825699255489827,-4.132510755462719,-2.2229876491890055,0.14120334815866897
2017-03-01,-5.11407882700114,-7.45034823956611,-3.2002845587292894,-1.816738546738565,,-3.404196791903722,-3.993364363441444,-2.2821129459904723,0.14938179206973404
2017-04-01,-5.120791859069086,-7.63513053112396,-3.3048035979577177,-1.9668354431301354,,-3.453914039191962,-3.86331877308346,-1.9990803348981667,0.1784278406099083
2017-05-01,-4.98384090533296,-8.107719785060063,-3.3521876123526284,-1.7278674892201344,,-3.0530840432556006,-3.6104166053163538,-1.6783975137553302,0.4436748463374923
2017-06-01,-5.088242211053358,-8.08937930825676,-3.40782394124687,-1.811774581695229,,-3.45417865797413,-4.0275601967518915,-1.2053507553053775,0.17926009856485686
2017-07-01,-5.01739001007613,-8.499495397574305,-3.4785457539796494,-1.7113821103945182,,-3.343587554950252,-3.5908362700447807,-1.0820989689897318,0.38510412010843287
2017-08-01,-5.214071175501132,-8.884860483875174,-3.8186061310487016,-1.949114776793223,,-3.4170552008292763,-3.839906407593781,-1.0798832314726776,0.29181613781301374
2017-09-01,-5.243991770700226,-8.90203224170024,-3.7689123807075045,-2.1150645121229537,,-3.272063544102511,-4.13113446642728,-1.108512663197227,0.39066554806424264
2017-10-01,-5.351012237968741,-9.281390584521382,-4.129901369981855,-2.3005536322027473,,-3.0363569120811618,-4.119257764332477,-1.1140676693980776,0.3253304014446211
2017-11-01,-5.555510249445559,-9.47858479801477,-4.459437386468053,-2.7842465071502196,,-3.1271147597150732,-4.3113276746612055,-1.2950302183415847,0.3680577329400941
2017-12-01,-5.506016137667392,-9.1961006191185,-4.245265059998308,-2.581478309273903,,-3.3368135658791163,-4.204263383297159,-1.4030919421411094,0.22578805074445216
2018-01-01,-5.453021778583928,-9.152118002988919,-4.290785099124394,-2.686715912888445,,-3.0875302975809227,-4.090360786320235,-1.5312641518522023,0.46850993537572444
2018-02-01,-5.359237030233881,-9.005048453116917,-3.720675611556799,-2.2220000976454353,,-3.241026191221013,-4.040792024534556,-1.8264837611377764,0.34225506228342895
2018-03-01,-5.344847631173806,-9.018131414708318,-3.732727583590567,-2.2314525839198915,,-3.1473933164203647,-3.978072880092031,-2.019042449010881,0.5137749442335151
2018-04-01,-5.729550408640778,-9.556277504781923,-4.211169392792311,-2.610964901647928,,-3.574663022896377,-3.9660719066330747,-2.4693075027101083,0.08248950568438396
2018-05-01,-5.876467717522518,-9.812575383625674,-4.499333039791086,-2.8938247180512118,,-3.666374395420942,-3.947818254053887,-2.432630362797654,-0.08182973420906
2018-06-01,-5.629514962979292,-9.728378449583271,-4.255112103597504,-2.63861514316223,,-3.433424355142097,-3.8513042451613244,-2.103074830298756,0.40419252079824564
2018-07-01,-5.764074091595794,-9.724521117686685,-4.33785420069656,-2.701045528409961,,-3.8296460623995427,-3.966822873170015,-2.372996742388617,0.38525601828893197
2018-08-01,-5.802976545813379,-9.834674861411175,-4.5855932410536395,-2.922538264230281,,-3.605393719884038,-3.9119831121815736,-2.4251185275016964,0.4653540402768634
2018-09-01,-5.6480674915687565,-9.707645241343602,-4.369553742040762,-2.730996704128842,,-3.4889111206579844,-3.6998564213257277,-2.211903785378988,0.47328270860272065
2018-10-01,-5.78810321257717,-9.837128626003116,-4.375937742000279,-2.7122529192824665,,-3.774393718080584,-3.8569843283999465,-2.396001140205414,0.23686412063973047
2018-11-01,-6.010723179614616,-9.756717636661246,-4.555926623525758,-3.0644456355504697,,-4.130041460635204,-4.0925106133461675,-2.6363208215008935,-0.038211331374461005
2018-12-01,-6.191630358414756,-9.686844934928246,-4.532032755998357,-3.2631532482150436,,-4.448643881753561,-4.177956986621801,-3.0784592561104747,-0.35343331056769145
2019-01-01,-6.454754025363598,-9.875867293063257,-4.654876330024209,-3.4545245276979157,,-4.7376519382851185,-4.527647559015615,-3.4761545839754935,-0.6556678107754642
2019-02-01,-6.618693271542101,-9.82487646702252,-4.8764814181034275,-3.7175938960314787,,-4.8480865727639575,-4.837755367928395,-3.7178072803095166,-0.7073637639273015
2019-03-01,-6.596801366526156,-9.76464202477012,-4.885217286116941,-3.694303169834711,,-4.790246536518349,-4.844871529873728,-3.6183793592386637,-0.7790615246224726
2019-04-01,-6.271646334344743,-9.403710942704386,-4.441821895789386,-3.3537092989334005,,-4.4737468499941215,-4.552757681049813,-3.478508164167365,-0.3963813730666216
2019-05-01,-6.144801273643351,-9.247855843590962,-4.344961658594594,-3.371126354897485,,-4.365645125390184,-4.291436877591435,-3.4300306251721775,-0.16166429555851303
2019-06-01,-6.2816816028688445,-9.348019616031841,-4.354852411081084,-3.5524374998559827,,-4.8793212330734965,-4.442345166118289,-3.319203499153285,-0.2747036600598295
2019-07-01,-6.41506109661716,-9.826864944162491,-4.630814910243162,-3.71002580900572,,-4.871545346603413,-4.454008938160442,-3.330896854023585,-0.2803827394132084
2019-08-01,-6.630887909023779,-10.132857216270274,-4.724235863215204,-3.777759923535961,,-5.136461942901802,-4.640785677892165,-3.5396855369630966,-0.6635410676798488
2019-09-01,-6.687364567358907,-10.160650651946485,-4.750876723650819,-3.7886692450585864,,-5.180830234813342,-4.6305939364862825,-3.828857285579792,-0.6701857592689419
2019-10-01,-6.650393358430851,-10.060857502943767,-4.55003456093879,-3.7527141215346287,,-5.168012987447746,-4.7324332661445,-3.7433630463017353,-0.7444498889966907
2019-11-01,-6.772530437017124,-10.305887349251645,-4.839539243588529,-4.054535939358569,,-5.193152036106328,-4.591342883982027,-3.481952239606477,-1.1404152325181915
2019-12-01,-6.726539548061135,-10.448825976725258,-4.810102888350812,-4.073734488698387,,-5.140751016360219,-4.299369628195182,-3.4193198744056974,-1.0927848289842883
2020-01-01,-6.639133432598931,-10.2947480180529,-4.723267627607848,-3.994063170202155,,-5.012253635014552,-4.173977515521917,-3.4931385911256863,-0.9815973359593575
2020-02-01,-6.550135723226484,-10.382721606852185,-4.835333423600552,-3.967394325892651,,-4.794864336055759,-4.015531664718209,-3.342695049289157,-0.7115215214687748
2020-03-01,-6.500434554945538,-10.299814162205895,-4.9793277751418,-4.126156961986047,,-4.639400820693281,-3.8481700720121914,-3.232792083858761,-0.5764918740126898
2020-04-01,-6.331312644607715,-10.492281575882473,-5.0617435026366095,-4.13591127186047,,-4.165083588087986,-3.3663843324862457,-3.019690698709348,-0.2772054078827721
2020-05-01,-6.60951477876648,-10.873088932498717,-5.483666584169241,-4.478735684245643,,-4.26659970629769,-3.5921491884746053,-3.3207221643316953,-0.4507530566396655
2020-06-01,-6.6519644952993335,-10.98708576219706,-5.529210518598005,-4.401983132254598,,-4.329120913374193,-3.5350943544540185,-3.447251496710379,-0.5331171547989794
2020-07-01,-6.577474936859455,-11.021848897692552,-5.417593208336024,-4.263715044370349,,-4.188690395264781,-3.1593028679845565,-3.592577155019839,-0.5977088546399832
2020-08-01,-6.69992764106873,-11.246384779775365,-5.690820036756919,-4.427811493647707,,-4.265146895745127,-3.0881021702917755,-3.816971446478492,-0.563368530077624
2020-09-01,-6.744796935717456,-11.402612673241173,-5.79003044093588,-4.358392151438075,,-4.041644750100006,-2.8727601408224115,-4.126805919748614,-0.8204443390279305
2020-10-01,-6.691030882668427,-11.134360533653984,-5.709295274326994,-4.3507954521395895,,-4.029471099357011,-2.874354846123459,-4.048700578390137,-0.8893502599797067
2020-11-01,-6.653755004875027,-11.25095591483536,-5.855349341613182,-4.48764570990128,1.0,-4.160394113019723,-2.9405640366809087,-3.7940875636723423,-1.2491243419008884
2020-12-01,-6.678920451391196,-11.581339886969594,-6.132431488833985,-4.726553313671273,1.369246015482967,-3.79215351727237,-2.825218733819519,-4.027138287535877,-1.2238553811333865
2021-01-01,-6.824292343066212,-11.76724594795259,-6.512060568212543,-5.017518733001754,1.1917387645928077,-3.754236287755862,-2.8641549570602396,-4.087936336970065,-1.291005660792918
2021-02-01,-6.848509505264166,-11.892836690576694,-6.234373366906841,-4.7659956799939005,1.0667555119030097,-3.7932522877446044,-2.959853535006106,-4.21802021703723,-1.4985807593744311
2021-03-01,-6.954654757349787,-12.063740016075899,-6.265747740348621,-4.731687982450799,0.9756817160716295,-4.0534264454556626,-3.1176119436947305,-4.211259275906187,-1.677527353561501
2021-04-01,-7.06826357782948,-12.383563398751287,-6.562686389018247,-4.932738222819463,1.2712777723420174,-4.067221674571271,-3.132539218154058,-4.442247124601352,-1.804471349685658
2021-05-01,-7.118043346611004,-12.662560851385132,-6.721371818289851,-5.099694857141832,1.265855483100503,-3.903767991988648,-2.9034805159556645,-4.229378852518475,-2.1980283513324075
2021-06-01,-7.239101606063092,-12.792618298539605,-7.005128232355315,-5.315431239238466,1.502103394662044,-3.754661720331171,-3.1879162280195863,-4.317632765207423,-2.549608742098683
2021-07-01,-7.452635934963855,-12.823146586021009,-7.40274451299163,-5.629204256538598,1.1604414842734676,-3.93072770009912,-3.387307687013138,-4.409886466661902,-2.7065927372823797
2021-08-01,-7.538602886555735,-12.997996672986398,-7.5703923716831385,-5.794024982293102,1.4082214821203942,-4.111519697750369,-3.4346426017134575,-4.559113133988062,-2.757436096775217
2021-09-01,-7.700774154353092,-13.20554346993829,-7.83832587213851,-6.117657142010521,1.4804133944652336,-4.226962196586114,-3.527764356101615,-4.755311395473012,-2.9231231796653803
2021-10-01,-7.7354956709982465,-13.382523880563966,-8.114144033034712,-6.2059353190354924,1.0680136859618694,-4.367780879408789,-3.29185422887403,-4.489973854025558,-2.6078478416287645
2021-11-01,-7.90549247164385,-13.473149678402367,-8.194775171079826,-6.266916444237224,0.6047483566503086,-4.880326891385655,-3.8607091649766176,-4.297578823578414,-2.383312938764478
2021-12-01,-7.759200753590147,-13.206656928962294,-8.174282860842943,-6.091847512375335,0.8376249784951812,-4.906955545849034,-3.426649929994234,-4.034745234815457,-2.5781739770005303
2022-01-01,-7.698248696935601,-13.182475599322034,-8.365351155487765,-6.268272993594884,0.849193081665926,-4.658964188078164,-3.404078391061467,-3.6845259774044576,-2.379595334825441
2022-02-01,-8.115597595888019,-13.548025832953702,-8.84885352984891,-6.744774563312003,0.5995624927903038,-5.111252792903662,-3.8691483799815813,-3.9927835865427235,-2.9175855569753564
2022-03-01,-7.852194746401284,-13.075467786671188,-8.36515512960391,-6.3748126479754355,0.6711162268862334,-4.7662482962953545,-3.5751994290399476,-3.9151588936681394,-2.9247129974660133
2022-04-01,-7.894009016826876,-13.321066489376172,-8.381058718966532,-6.5182162576838545,0.7483888062108773,-4.903999719261677,-3.6459240848200545,-4.018500305188216,-2.619776348152865
2022-05-01,-7.720775380100395,-13.008911874363596,-8.213661903927216,-6.41759107514766,1.0464637630924476,-4.805256419070067,-3.375309400427505,-4.030004412655832,-2.470012700927219
2022-06-01,-7.628325631011563,-12.718828548548503,-7.965430183764737,-6.239786897366791,0.7512894352933618,-4.749771134584196,-3.181407719321435,-4.031652346891233,-2.399098635532457
2022-07-01,-7.663308207570164,-12.629284768422291,-8.007904153821647,-6.073703113674824,0.7508173733169837,-5.137360598107217,-2.9559965215434625,-4.163927531446758,-2.597187329485587
2022-08-01,-7.610259121417131,-12.545686728614136,-8.01275706275655,-6.1511037682274985,0.7999267941010657,-5.116200213874547,-2.797816625798749,-4.298751149644868,-2.267765199145252
2022-09-01,-7.683168330301673,-12.421528653880909,-7.916712784901697,-6.333685775076425,0.611653899467309,-5.123403702220863,-3.055237061563601,-4.27064286589845,-2.46387068096224
2022-10-01,-7.743859712073337,-12.804962938412595,-7.914851562655337,-6.121295703130383,0.6710927298663706,-5.242144977260615,-3.226319941599603,-4.105788328425481,-2.71468795759254
2022-11-01,-7.774556595754686,-13.155626183344287,-8.213619411752777,-6.23628740324336,0.7701110587034874,-5.043365821427552,-3.160003084721221,-4.193743842934096,-2.471999059941173
2022-12-01,-7.465467219192192,-12.888201292751244,-7.811317580707958,-5.772187569755751,1.202970858800838,-4.782272684866188,-2.8490846039555286,-3.9641973753007114,-2.3675284876244804
2023-01-01,-7.600891131115897,-13.208146975104013,-7.9882113291689425,-5.991799090577059,1.4546071261485918,-4.961811027329468,-2.9491378981411267,-4.2549972346557015,-2.415713602722942
2023-02-01,-7.808947810103743,-13.365662618197893,-8.110951507390295,-6.249309164362442,1.2939206391862206,-5.408382193538496,-3.458559347787901,-4.259897878236931,-2.420821393125691
2023-03-01,-7.802110042524156,-13.38164681712214,-8.20563313444645,-6.29572001881671,1.4448219860773033,-5.527543494949565,-3.4827652865301943,-4.067671469623055,-2.4088030874059165
2023-04-01,-7.610106642817981,-13.407657347750815,-7.946649771237739,-5.9259103355369955,1.4555678578401534,-5.230173387153171,-3.123106595285434,-3.988259256329832,-2.2227452897134983
2023-05-01,-7.743958391118158,-13.183706002032137,-7.927230374433214,-6.093413436696586,0.9795412463974085,-5.32299447594268,-3.3857895086226617,-4.125855348627376,-2.4003002116115013
2023-06-01,-7.603207876283938,-13.246778206655696,-7.548393328861717,-5.657092622358668,0.9379586839429518,-5.255476569798435,-3.2987772958028714,-4.09698325641846,-2.168201396942089
2023-07-01,-7.532068967680034,-13.540225527667037,-7.489521095862866,-5.668586170385664,1.0620206836630963,-4.908369044169554,-3.1998390687536413,-4.1299447782006755,-1.8901677226874043
2023-08-01,-7.461162088255819,-13.301782491391252,-7.231158688522388,-5.546140292404748,0.9952871117491209,-4.806887610994962,-3.0569630939636334,-4.158500028558275,-2.0912325945838974
2023-09-01,-7.356268738179244,-13.190577551624969,-7.094123273641032,-5.437400439908492,1.0234493614003868,-4.538075097485787,-3.0499160737948667,-4.198705727769625,-1.8728820852330466
2023-10-01,-7.49329187126254,-13.540568021606676,-7.558205405095621,-5.7716448400326605,1.136116567938484,-4.211933345669782,-3.520735239686069,-4.337584874346524,-1.6498607942249481
2023-11-01,-7.863946698964401,-13.986349132177361,-8.022493337416172,-6.265754915104845,0.9209313797395736,-4.7764609363062815,-3.978568758656281,-4.272133628942153,-2.0388252454751674
2023-12-01,-8.063451941158236,-14.083502213744406,-8.22180316941433,-6.600867474234365,0.8595743267576826,-4.907678210553002,-4.367388740898051,-4.662940918081795,-2.0310901117211038
2024-01-01,-8.120375409757372,-14.059463517588354,-8.362893976332737,-7.016760694343504,0.8984387363563424,-5.002180797509787,-4.519571536364001,-4.6880607241961485,-1.72059175070426
2024-02-01,-8.036897817300517,-13.98915080729987,-8.299791763331143,-6.956163639401698,0.9293901936165607,-4.921062053705252,-4.7084024183867434,-4.592035610456,-1.2660474220634628
2024-03-01,-7.985962049516424,-14.124049658262784,-8.196224956433074,-6.70856071604137,1.0261477063303548,-4.9089827246298805,-4.526038363188988,-4.3867774913804904,-1.571291175148632
2024-04-01,-7.778164616252107,-14.21790017495041,-8.129485597879253,-6.568011789167664,1.306064814520201,-4.5186977339020045,-4.392236685489481,-3.993943274154057,-1.2191874716176696
2024-05-01,-7.702912304472242,-14.224892801798013,-7.9577888983419856,-6.388012559714124,0.9365911981964201,-4.470584216142052,-4.1371937599504465,-3.8121075349751994,-1.0773908456760117
2024-06-01,-8.062511352215262,-14.551827454435431,-8.203103962327988,-6.670994900965754,0.5485665115306002,-4.771613590473661,-4.325739016365122,-4.393598466140792,-1.6398609211674238
2024-07-01,-8.217137702159105,-14.40069417348316,-8.071900008733833,-6.626794631199798,0.2398283612545048,-5.0394780581120795,-4.6550157626638065,-4.666345018400897,-2.024783308557251
2024-08-01,-8.34068137492261,-14.391414869262737,-8.103682301687007,-6.795185972408905,0.044186838301056575,-5.007753225858353,-4.483167772994893,-5.0757706345397695,-2.420744043553758
2024-09-01,-8.090003560340921,-14.1008484262197,-7.989658401010086,-6.704124110243666,0.3922288095416719,-4.631132775235196,-4.230051342097044,-4.932094254681249,-2.032428965405584
2024-10-01,-8.203354575756205,-14.265557312400219,-8.102101582227743,-6.818099109089909,0.5163919748525605,-4.783474893191628,-4.333216928215032,-5.05039577352438,-2.298463964876773
2024-11-01,-7.798577803905375,-13.912043082367475,-7.616302978539439,-6.322028284166484,0.9012070275333179,-4.466170151998823,-3.8705273684721675,-4.677013457776495,-1.9338251180789199
2024-12-01,-7.826713896820863,-14.2887481752954,-7.677908152382329,-6.667470957122222,1.1670802360117407,-4.288287537205159,-4.084899223771247,-4.574195355736051,-1.7073629916897217
2025-01-01,-8.004528879483255,-14.2146997012801,-7.742713559660415,-7.033860711385616,0.9000941575219392,-4.473369392240721,-4.408236569409228,-5.13318325156683,-1.4383429904685487
2025-02-01,-7.931624332323278,-14.292791951278605,-7.775013202866729,-7.213742707547095,1.0597504459943332,-4.260117728421665,-4.4297407758074785,-4.858290824868512,-1.1911288964139477
2025-03-01,-7.740278791750336,-14.299046681188464,-7.825823027737624,-7.2047843896746,1.6427869068559113,-3.86659907490258,-4.067064199455052,-4.922907912674723,-0.8868729378490398
2025-04-01,-7.818323753388935,-14.300260980072506,-7.841290993993363,-7.308646397762452,1.4739770860910648,-3.927560286891076,-4.263925956906384,-4.907836421129995,-0.9791270590702443
2025-05-01,-7.514454396659533,-14.403040429182466,-7.542799298621563,-6.829150556249092,1.6021608964663223,-3.483887292918206,-3.78672579031595,-4.36922114983271,-0.8110525352460808
2025-06-01,-7.587016636495785,-14.69530775399392,-7.7463559979175844,-6.888569926092188,1.961009854702298,-3.384191744859245,-3.777309567516661,-4.358664376673113,-1.3148245622393433
2025-07-01,-7.500248953423408,-14.497324736343801,-7.579826090440333,-6.686085717336394,1.5458146452785564,-3.3212618960844296,-3.700156780622447,-4.126035353660477,-1.1451966808014136
2025-08-01,-7.584983675011651,-14.575095652790944,-7.7502008790793555,-6.6852243522550845,1.4516042768766535,-3.388122881616184,-3.720137284640345,-4.117464528193764,-1.4033090810176603
2025-09-01,-7.746915646111035,-14.701900132899535,-7.929312545030168,-6.966023884913223,1.2306198859736517,-3.516676555440124,-4.093084881563108,-4.142374375524816,-1.3646536621144345
2025-10-01,-7.8223711059137875,-14.714956274067768,-7.975375222149782,-6.893188325577744,1.0005337585130403,-3.519513400419559,-4.080420893405269,-4.194152211401947,-1.709977261424743
2025-11-01,-8.099666421971929,-14.79070585862359,-8.140849108563284,-7.212271574209114,0.7855278198090835,-3.6285212904269923,-4.261704667590059,-4.867497806899635,-2.1893898718953086
2025-12-01,-8.194652856793267,-14.954944027630082,-8.179144714368528,-7.385676717777389,0.47295745590849,-3.4568362312387326,-4.323861854547508,-5.206875834165807,-2.030921913150052
2026-01-01,-8.343892054044508,-15.055031785263118,-8.348224983476445,-7.554989661111828,0.1643816194671645,-3.4953869212384916,-4.309886890988604,-5.367027189452307,-2.2930516029158965
2026-02-01,-8.425851931232355,-15.291334950663439,-8.460955958837227,-7.774978270386058,0.34547226856247715,-3.751671690299499,-4.4461638337143174,-5.288419425355491,-2.246844571788756
