交易日期,"tautocorr(signal,1)","tautocorr(signal,2)","tautocorr(signal,3)","tautocorr(signal,4)","tautocorr(signal,5)","tautocorr(signal,6)","tautocorr(signal,7)","tautocorr(signal,8)","tautocorr(signal,9)","tautocorr(signal,10)",tcount(signal),tmean(signal),tstd(signal),tcount(label),tmean(label),tstd(label),"mycorr(signal,label)"
2004-10-01,,,,,,,,,,,0,,,0,,,
2004-11-01,,,,,,,,,,,0,,,0,,,
2004-12-01,,,,,,,,,,,0,,,0,,,
2005-01-01,,,,,,,,,,,0,,,0,,,
2005-02-01,,,,,,,,,,,0,,,0,,,
2005-03-01,,,,,,,,,,,0,,,0,,,
2005-04-01,,,,,,,,,,,0,,,0,,,
2005-05-01,,,,,,,,,,,0,,,0,,,
2005-06-01,,,,,,,,,,,0,,,0,,,
2005-07-01,,,,,,,,,,,0,,,0,,,
2005-08-01,,,,,,,,,,,0,,,0,,,
2005-09-01,,,,,,,,,,,0,,,0,,,
2005-10-01,,,,,,,,,,,0,,,0,,,
2005-11-01,,,,,,,,,,,0,,,0,,,
2005-12-01,,,,,,,,,,,0,,,0,,,
2006-01-01,,,,,,,,,,,0,,,0,,,
2006-02-01,,,,,,,,,,,0,,,0,,,
2006-03-01,,,,,,,,,,,0,,,0,,,
2006-04-01,,,,,,,,,,,0,,,0,,,
2006-05-01,,,,,,,,,,,0,,,0,,,
2006-06-01,,,,,,,,,,,0,,,0,,,
2006-07-01,,,,,,,,,,,0,,,0,,,
2006-08-01,,,,,,,,,,,0,,,0,,,
2006-09-01,,,,,,,,,,,0,,,0,,,
2006-10-01,,,,,,,,,,,0,,,0,,,
2006-11-01,,,,,,,,,,,0,,,0,,,
2006-12-01,,,,,,,,,,,0,,,0,,,
2007-01-01,,,,,,,,,,,0,,,0,,,
2007-02-01,,,,,,,,,,,0,,,0,,,
2007-03-01,,,,,,,,,,,0,,,0,,,
2007-04-01,,,,,,,,,,,0,,,0,,,
2007-05-01,,,,,,,,,,,0,,,0,,,
2007-06-01,,,,,,,,,,,0,,,0,,,
2007-07-01,,,,,,,,,,,0,,,0,,,
2007-08-01,,,,,,,,,,,0,,,0,,,
2007-09-01,,,,,,,,,,,0,,,0,,,
2007-10-01,,,,,,,,,,,0,,,0,,,
2007-11-01,,,,,,,,,,,0,,,0,,,
2007-12-01,,,,,,,,,,,0,,,0,,,
2008-01-01,,,,,,,,,,,0,,,0,,,
2008-02-01,,,,,,,,,,,0,,,0,,,
2008-03-01,,,,,,,,,,,0,,,0,,,
2008-04-01,,,,,,,,,,,0,,,0,,,
2008-05-01,,,,,,,,,,,0,,,0,,,
2008-06-01,,,,,,,,,,,0,,,0,,,
2008-07-01,,,,,,,,,,,0,,,0,,,
2008-08-01,,,,,,,,,,,0,,,0,,,
2008-09-01,,,,,,,,,,,0,,,0,,,
2008-10-01,,,,,,,,,,,0,,,0,,,
2008-11-01,,,,,,,,,,,0,,,0,,,
2008-12-01,,,,,,,,,,,0,,,0,,,
2009-01-01,,,,,,,,,,,0,,,0,,,
2009-02-01,,,,,,,,,,,0,,,0,,,
2009-03-01,,,,,,,,,,,0,,,0,,,
2009-04-01,,,,,,,,,,,0,,,0,,,
2009-05-01,,,,,,,,,,,0,,,0,,,
2009-06-01,,,,,,,,,,,0,,,0,,,
2009-07-01,,,,,,,,,,,0,,,0,,,
2009-08-01,,,,,,,,,,,0,,,0,,,
2009-09-01,,,,,,,,,,,0,,,0,,,
2009-10-01,,,,,,,,,,,0,,,0,,,
2009-11-01,,,,,,,,,,,0,,,0,,,
2009-12-01,,,,,,,,,,,0,,,0,,,
2010-01-01,,,,,,,,,,,0,,,0,,,
2010-02-01,,,,,,,,,,,0,,,0,,,
2010-03-01,,,,,,,,,,,0,,,0,,,
2010-04-01,,,,,,,,,,,0,,,0,,,
2010-05-01,,,,,,,,,,,0,,,0,,,
2010-06-01,,,,,,,,,,,0,,,0,,,
2010-07-01,,,,,,,,,,,0,,,0,,,
2010-08-01,,,,,,,,,,,0,,,0,,,
2010-09-01,,,,,,,,,,,0,,,0,,,
2010-10-01,,,,,,,,,,,0,,,0,,,
2010-11-01,,,,,,,,,,,0,,,0,,,
2010-12-01,,,,,,,,,,,0,,,0,,,
2011-01-01,,,,,,,,,,,0,,,0,,,
2011-02-01,,,,,,,,,,,0,,,0,,,
2011-03-01,0.008413273780121766,-0.521308593522269,0.5181346199459247,0.6534153724708777,-1.0,,,,,,7,-0.0029415682571428572,0.003540142694256398,7,-0.008005746902706385,0.012862838191984877,-0.3695116941328215
2011-04-01,0.2192922693510343,0.2508606628744207,0.08005284973143627,-0.050843019510532786,0.062072842180948704,0.056389777904754024,0.13612896423749798,-0.040124376041926,0.17052318438101363,-0.4545631177129534,19,-0.002787213177368421,0.00504799293799296,19,-0.005106455983709905,0.01551601476226948,-0.29102047873222764
2011-05-01,0.23674323855506163,-0.06882165261989354,-0.2447033208412516,-0.16589156375029862,-0.10937778285617986,-0.2672718430513821,-0.23741014078692207,-0.1842015046624168,-0.23468801315458043,-0.025146707081491967,21,-0.00047392868428571417,0.007055090722556987,21,-0.003445900740187491,0.016958880066736518,-0.16167298958378729
2011-06-01,0.4247085267337436,0.021839545814850835,0.1667202047646979,0.0835167591937294,-0.34478939462018715,-0.43945892092185457,0.09696138981940114,0.1529253615506757,0.018341559583036245,-0.2789934365982555,21,0.0015447307571428571,0.007187236205634711,21,7.18391496578095e-05,0.013751010652097556,0.47224798242388244
2011-07-01,0.24851542800304086,-0.1935706901221303,-0.3370934220914094,-0.19249382368188087,-0.2761345057901962,-0.029791038567950623,0.13707867795977877,0.2631873807866754,0.35818693879771596,0.36288189682345834,21,0.0037007858461904756,0.006448008544376453,21,0.0037883978285830283,0.01628211794729495,-0.005494995330845547
2011-08-01,-0.05141752715815911,-0.27820875432223263,0.09278427776127192,-0.1317226687323247,0.20168584961626276,0.17360141969551038,-0.4155115068413849,-0.48078590735506477,-0.08798247488396,0.16772313658221735,23,0.00041031191565217394,0.003452307424344671,23,0.000532356906356835,0.01683027566609512,-0.1739406364087209
2011-09-01,0.33376481105236316,-0.3840560730379219,-0.2091408655304553,0.3947320982142587,0.47080945178442607,-0.12860665941832433,-0.11131698760381321,0.31180744991304604,0.4127563831401552,0.11569701400421015,21,-0.001929665535238095,0.005321846769219758,21,-0.007099844316883968,0.01658697422461471,0.5025495673967375
2011-10-01,-0.33469205229485327,0.3124052064850656,-0.31734134137975784,-0.04229830165189032,-0.10393218784136284,0.24287017403610894,-0.4029253737134273,-0.01980258495283727,-0.2890987089661977,-0.09056774836310315,16,0.00283332481875,0.009636379467113824,16,0.004912232304795962,0.020499789304989666,-0.3464002600530073
2011-11-01,0.24114109439089215,0.0025357639065173047,-0.1254867964380458,-0.23871106695617308,-0.27524048638957865,-0.17425688455486377,0.11578161714113781,-0.1784448390919253,-0.05080642206959871,0.1074341514359775,22,0.0012779008865454547,0.005116802031359452,22,-0.0006045933685612871,0.01916698646152359,-0.2062591442077813
2011-12-01,-0.374162506035695,0.46629412501017736,-0.07338053682505792,-0.0634046424906536,-0.04629156475138184,-0.13864515029309774,-0.019873437297253337,-0.330585027100014,0.054750777429781745,-0.23309318379576732,22,-0.0011675078454545457,0.005506175859719033,22,-0.006088151290925955,0.020012290619304825,-0.1143143045479584
2012-01-01,0.06445498774720873,-0.44864084087493933,-0.12384655955067887,0.1339588142884206,-0.07402897547850032,-0.3742113003657608,0.10792137127569662,0.25292630261266014,0.010803105535390786,0.10191538699125387,15,-0.0004806804673333335,0.009702968949957494,15,-0.007185210129485239,0.03474897767315881,-0.21217585006320194
2012-02-01,-0.06660154265327749,0.3993644548637534,0.11386189382444627,0.1544272348829558,-0.4258124858225674,-0.2446538299690895,-0.23246319216572162,0.014343082814528495,-0.13429927781097556,0.010402525588129905,21,0.0016454785476190475,0.00748524772197487,21,0.006094406921220515,0.014563918257483117,-0.007810917777519516
2012-03-01,0.007240846811863566,-0.0030675189318128777,0.0985070093135253,-0.13581713319271355,-0.04508774777018324,-0.09554257098241987,0.18669124680978452,-0.19804755760865372,-0.06272154725214055,-0.5841388378786924,22,0.0007694388300000002,0.005505840414684363,22,-0.0034454832976186095,0.020022731784358608,0.1814222042616879
2012-04-01,0.4131224300081572,0.3839817850122353,0.11047280154135365,0.03981790194526869,-0.27639911367446185,-0.1566941567024502,-0.08093594680318644,0.013430950228260755,0.021629114110071332,-0.1421752189970434,17,-0.0008021570989999997,0.004888100176678702,17,0.0007307469063361706,0.01777125667372661,-0.3539351059742274
2012-05-01,0.3677327112556026,0.22367991188587957,0.0711056717305835,0.100217555781568,0.1449437507658082,0.31897330210958746,0.3006754731116839,0.06592620008868016,0.08058574498819357,-0.42390780182236293,22,0.00012231484200000002,0.004993596868998749,22,0.003235341468434168,0.011907423716621176,0.2046497482266468
2012-06-01,0.0030321230776880004,-0.04210682628500224,-0.2336401848424736,-0.4487223191739064,-0.10167301516166004,0.19202836910530977,0.011558135074380861,0.07799050899093216,-0.23467427178477704,-0.21341696426713605,20,0.0045782365126,0.0065310183031081406,20,-0.00044664784722454507,0.013050230983925782,0.0898462881385879
2012-07-01,-0.3900736527340779,0.03763706685469194,-0.2766806916725724,0.32646523537988503,-0.10141478650016816,-0.3096193568669815,0.08277807604916185,0.06387733512605998,-0.09709951651553118,-0.05950407470820775,22,0.0028454426499999992,0.005441086138126131,22,-0.0030910380886309953,0.015741050223457304,-0.2236583158449871
2012-08-01,0.29719799557607657,-0.1418300533241882,0.004792233377417248,0.27374849854706396,-0.28286040070267876,-0.5510482527847151,-0.32925662557248103,-0.13758878653763143,-0.05208248125448135,-0.0647376808996853,23,0.0031399269421739126,0.007446045724784801,23,0.0019898505349271738,0.015692630812910557,-0.018670809420996918
2012-09-01,0.10021450411086046,-0.07840229524823819,0.020774120304428108,0.15775400839134118,0.041057352452561154,-0.02387638597266436,-0.024295011112754488,-0.28871820972660617,-0.03824358795498322,0.26260381415957584,20,-0.0008569314825,0.005459657545785089,20,-0.0010652457369296805,0.017344733531699703,-0.1517732619156963
2012-10-01,0.27498484391472494,0.018259622009591654,-0.15051594325599618,-0.3816104645318217,-0.11008768102375219,0.20396936068416693,0.32635465486036236,0.24932802433820522,0.26708307102016926,-0.008240668872340984,18,-0.000784743251111111,0.004458646064952564,18,0.00023717328100720546,0.012315074178349785,-0.2951383060429402
2012-11-01,0.34910032826869647,-0.002259372156345348,0.2415650501712263,-0.11691512768058265,0.029894286648695603,-0.00441700003452733,-0.3832153020278731,-0.027748690275386585,0.14161609414017243,0.022182787701307643,22,-0.0011856305818181818,0.004385718335924442,22,-0.005876970874804068,0.010592990253082961,-0.10352581979209952
2012-12-01,0.12392875737276461,-0.25200174993064434,0.07454485454297452,0.27769978965295533,-0.24839977427130486,-0.27354154455694585,0.14818731903922694,0.14337856684484893,0.15558087382231822,0.05342411483637646,21,0.00404334736952381,0.0076989495710905985,21,0.007895466597521696,0.015920691464992687,-0.3203957042837133
2013-01-01,-0.28207624587378644,-0.023891830400841065,0.04048417995451028,-0.1304670790351286,0.20563204468793428,0.010548144245384717,-0.07083134878814101,0.06450840126917713,-0.2470086282512427,0.15092957014946756,20,0.0029539330915,0.006683716759831388,20,0.004332188097080125,0.017344400988077407,0.18994700114790697
2013-02-01,0.2821270767736508,-0.007477640772830816,0.013138686286122171,-0.21235643155909414,-0.43924400091316335,-0.0785137428235569,-0.3090576050414666,-0.2804269996293228,0.07929827042920161,-0.0053522652754598166,15,-9.036476666666656e-05,0.006864338435526527,15,0.007079196834943134,0.01546203513522589,-0.09068107905583785
2013-03-01,-0.10410370522296607,-0.38507808933386095,0.29249054419932663,0.15325068609479367,-0.3246618308972038,-0.1064208940705606,0.03211296194797692,0.08757690960282073,-0.002268105739266938,0.06686880608657034,21,0.0008968546333333336,0.004255226735533651,21,0.00045296589325270926,0.01773495360633643,-0.0713358616842065
2013-04-01,0.595767410071409,0.17479138752665047,0.16392629203324008,0.2564099060929519,0.10213396863624716,-0.3475322914731519,-0.3081160075641817,-0.290558234245845,-0.4354812483237428,-0.561103867802934,18,-0.0005243254111111112,0.005562565590735207,18,0.0016424035424046728,0.019533775567689683,-0.33649910684151
2013-05-01,0.19523485420899483,0.07649745706499626,-0.09144514474361393,0.192048290166793,-0.14487999405261515,-0.05309706144169954,-0.058299518453238414,0.20147235951946452,0.09413444240471118,-0.11033362351080846,22,0.0027227091001818184,0.003899735887195381,22,0.008731062468900973,0.018028145609198812,-0.15175532041337475
2013-06-01,-0.16820260121205757,0.18904835880392412,0.20247027957991764,0.0781758316868394,-0.04133898440419534,0.021377525772593966,-0.0704836695849148,0.1190297621211854,0.6098973314490292,-0.3030381100701312,17,-0.0027740036029411763,0.005914961161601317,17,-0.0031524584273813884,0.024738423166872116,0.005311783527992829
2013-07-01,-0.22072640503417526,-0.0028804316199113424,-0.05415895760640539,0.03644371902437852,0.13626482751116814,-0.09429088232251513,-0.005641192893238229,0.10525399085428284,0.15150515662964226,-0.0649292047413407,23,0.0008874610386956523,0.005302907531706362,23,0.0052244585252131884,0.02227311202609766,-0.11898968363238631
2013-08-01,0.04174227494564924,0.23065265542368468,-0.12545475311906432,0.16145712711832444,-0.25242554132570805,-0.07838335111707041,-0.11133646843478116,-0.1100322664017613,-0.27131729239295804,-0.11601141468484043,22,0.00043818140590909084,0.006762350351931863,22,0.0021977115909173318,0.01958643841037819,-0.15217925277370983
2013-09-01,0.23702231214573263,-0.03878448960355337,-0.34958715066349316,-0.5144262281799198,-0.29046552258915953,-0.12211089661056523,0.10339976069770104,0.25333260197504825,0.717993701007697,0.2542952494554322,19,-0.0016746110847368424,0.0088167678908522,19,0.007720690052416723,0.01698211632787425,-0.6241135535709433
2013-10-01,0.18703058783699059,-0.12022805068967528,-0.29333771464440894,-0.3495265756568139,-0.2849224358572584,0.4128092058709265,0.0558766468665856,0.18050447646603335,-0.03514898894902148,-0.24530880175469422,18,-0.0004251555894444445,0.004575954846050812,18,-0.005405985003464577,0.02146971890962101,0.09235904462074344
2013-11-01,0.18692444668316488,-0.026608881422364193,-0.15666576750994998,-0.2326176490488105,0.23749698242861209,0.10626489318359138,-0.09721196324637561,-0.01663919973054812,-0.0022545634020860058,0.11654575916817712,21,0.0011782860933333332,0.005796064539710825,21,0.004922565644903495,0.014411349959810174,0.12686113833234638
2013-12-01,0.2096981093094929,0.1930573450880686,0.372225988010575,-0.061676974340605,-0.1764628965424365,-0.2146380973376432,-0.10305414723532227,0.07809218135693385,-0.3859517585561766,-0.24016597749788868,22,0.0005495121428181817,0.006109266782543405,22,-0.001855774935079525,0.022695103705847174,0.05610904041705817
2014-01-01,0.16236639504364433,-0.05281521618476958,0.19171072773987133,-0.0512607288657431,-0.10685435405401551,0.06765874871971184,-0.1689192292589098,-0.4180452987488763,-0.13266529915311034,-0.25933047146147037,21,0.0033253682952380957,0.006433953760744163,21,0.006694302038123409,0.01729112159129503,0.013874878032427916
2014-02-01,-0.10135553571866406,0.3590861784937506,-0.2871972547837435,-0.17350678504146477,-0.04043942402905205,0.013160841508562605,0.17231723983995562,0.1296129400022006,-0.34325402027086005,0.09912608925301736,16,0.004616666715625,0.00800411633136044,16,-0.002364960537229518,0.021690816841065635,-0.2746231905632804
2014-03-01,0.3364801578166552,0.13664842731931776,-0.30643356882864575,-0.4219978055347115,-0.3958701476010018,-0.12089525524543217,0.11604527920777152,0.047489449424288,0.09679640658364998,-0.025345747356260422,21,-0.0011985691552380954,0.006180032037497382,21,-0.0035175485524589906,0.018343225716164976,0.055335092033259536
2014-04-01,0.06117855096147254,0.1261319690199077,-0.36946013518790033,0.05099023575190257,-0.36481593118581096,-0.08003996317157623,0.14951936979897307,0.3436319169997578,-0.0263907443869474,-0.23407720541724983,21,0.00027516172,0.006292021278982915,21,-0.0015389388379390145,0.013114788617045693,0.12062023786226485
2014-05-01,0.15081393079448352,-0.1367318126580875,0.2820955289181469,0.05564412323219733,-0.02491529016725496,-0.07299122476105739,0.0863367481426824,0.2811544974376618,0.11589234875998072,-0.3682106189928054,20,-0.0011773192424999997,0.007362130447764586,20,0.0014543304806196552,0.01489169076209209,0.17677737597469703
2014-06-01,0.010138222324144738,0.0034902271498804083,-0.08498279553110732,-0.09060422536762251,0.08686164601304047,-0.04829280789922584,-0.15036584536011888,0.03294460393435664,-0.10179480090407285,-0.41349519538683627,20,0.0022206534686,0.005579758727257208,20,0.003286355658254356,0.014158036151648762,0.3307438356063234
2014-07-01,0.27477884907794753,0.4008999804347957,0.14032114240011392,0.13193599107725662,0.4452457185596617,0.4485288951595917,0.45111329891721363,0.04184190241277324,0.2967477231946462,0.08565541538621192,23,-0.0033950012960869565,0.006839827886939772,23,-0.001818415934134617,0.012881685606778293,-0.46858184540485753
2014-08-01,0.19937339895159706,0.19614676863892558,-0.03708767772566654,0.12246844998218308,0.15639884474077392,0.11958915385124078,0.11044964012526082,-0.09884018650496378,-0.006861563664117176,-0.02306147422160954,21,-0.00021835982333333337,0.004455978711170856,21,0.0028298692397883624,0.012356370566510004,0.12643732351767906
2014-09-01,0.15406046443888188,-0.3047842203165448,-0.41163559897925334,0.05144438022401048,0.237974316116401,0.18615192659311133,0.20728286003184845,0.009559569177282509,-0.5086354731939077,-0.4941300529540147,21,0.001207376314285714,0.007096023255545073,21,0.003806580003300648,0.010821408463011165,-0.23970081893282097
2014-10-01,0.13558942503354643,-0.2796380242259723,-0.287580462068061,-0.3952123305125224,-0.1892223169505786,0.3632776223292081,0.5497300019461827,-0.0732674265006827,-0.6556315097090405,-0.44493266528153325,18,-0.002384919122222222,0.005922104130163452,18,-0.0009555407287007277,0.009815428279547891,-0.30415058685504204
2014-11-01,0.00635906632738731,-0.17630624320257657,0.20440162951946972,-0.2800699437839396,0.06721274969592947,-0.0026824597734241462,-0.12699767683373497,0.013924364676808078,-0.15240916605014995,0.37047498020460967,20,0.0006938339610500001,0.006536351267678664,20,0.0019618284177768948,0.013583624411516474,0.01631200058252646
2014-12-01,-0.2786594166003407,-0.11343730179223337,-0.07375648945197312,0.09424668464903949,-0.028265462782377935,-0.14617177925643193,0.26423283011442583,0.2646889932856695,-0.3267051643503257,0.157647625938023,23,0.001414141636521739,0.00497637877308258,23,-0.002588278768569218,0.021887665396257996,-0.1575573656364322
2015-01-01,0.0933686164896922,0.18679202156735533,0.017874235055211803,-0.11803871161441296,-0.1649875600030307,-0.06037411309333508,-0.005236293944227413,-0.05909384858530373,0.1528317782980107,0.1108649705438566,20,0.0011925379610000003,0.006311265515103566,20,0.006849656077741015,0.019815584451126037,0.12120342275883852
2015-02-01,0.06872557545395247,-0.05237420773512065,-0.16641249768680605,0.034181984021933724,-0.4938937585532943,-0.26786944606057955,-0.20338790695732595,0.1016790740671502,-0.007482011899458696,0.17925554032346386,15,0.0010122901466666668,0.005018461255928913,15,0.009336842963389968,0.016619114509397858,-0.4454857208406892
2015-03-01,0.016674518066638673,0.1892051702110125,-0.2739954615499161,0.012821380051779185,-0.3534781461934622,0.07774312344055972,0.06089301274933081,0.010828991270044839,-0.13172272402457708,0.00917432710307558,22,0.003354020091454546,0.007529452619356595,22,0.008956513922823222,0.020494612510103545,-0.5144802175525941
2015-04-01,0.103646396051449,-0.10822657281707092,-0.06228974150093781,-0.134706511179659,-0.2661621012027548,0.4257131476807392,0.30263337126922174,0.0394869608007362,-0.13532935739136062,0.018227596700095286,21,0.002220090340285714,0.007945079519013496,21,0.009947709832602356,0.023797624160910795,-0.2904629057664926
2015-05-01,0.31799899204113796,-0.053329677322809674,-0.09312883914793588,0.07446305880376855,0.030760387751946353,-0.09049557358734746,-0.19380134814221145,-0.06638399004846886,-0.13781126919764033,-0.13571543702834182,20,0.005233497004,0.007889902843015344,20,0.011226780834170936,0.02931814557055146,0.008268733915197416
2015-06-01,-0.27650562287123565,0.20189476913375423,-0.11533444125828386,-0.19221102992850772,0.3649644371098546,0.18429097196974767,0.004466520873547726,0.04440843490872099,-0.036417677928711804,0.2649427663656568,21,-0.002244122893809524,0.00581243562043632,21,-0.00917439934274567,0.04422187718310752,0.13449697450494694
2015-07-01,0.03837338677234753,0.28620314613409775,0.15652610948900683,0.4678718680748029,-0.25083185010508274,0.2065357809533678,0.024678211905315245,0.015533076483160314,-0.1550349199299204,0.14468477829794169,23,0.006006881869565217,0.009248365710200365,23,-0.004398561060933178,0.03806761687596963,0.1967634992289061
2015-08-01,0.20460640573333938,-0.4463424522909983,-0.23623946194542966,0.19861348258400646,0.29801347006596424,-0.279202984832476,-0.25501112298151984,-0.0043349012841164694,0.19006099087505715,0.04729541634262744,21,-0.0018372901152380952,0.004368661556384259,21,-0.010392303870418916,0.04442617308816132,0.10987997046664318
2015-09-01,-0.0422389240622852,-0.2475871985662453,0.0026124205810460262,-0.28901029232350506,0.013639825472516534,0.1349650378901429,-0.22453207880972983,0.24710694351012313,0.4492759275501606,-0.0881637551737081,20,-0.000625018423,0.006841431882019816,20,0.002854854597667221,0.038636110620677774,0.10022710840958872
2015-10-01,-0.1960739849928434,-0.11879422414164678,0.18233238000807506,-0.050945342118726956,0.050100015099588176,-0.15251042234588946,-0.48920232876908964,0.09570740861804147,0.19907936911921129,-0.28685448026337657,17,0.0022334165264705883,0.00631043925441413,17,0.010740930515103287,0.030195528436818334,0.32651916200363296
2015-11-01,-0.10045334185950737,0.12463911163941106,-0.0021684816510256716,-0.3100242176295962,0.2995452427121973,-0.1324959108804481,0.07318219242193574,-0.03978660653548815,-0.23245667119646835,0.1693075889104455,21,0.000972003019047619,0.0055408723328868445,21,0.004016514139093054,0.028834173622274556,0.17057986672105124
2015-12-01,-0.26521557609845375,-0.04964753038863341,0.46718900678837866,-0.2800892081334228,-0.19709853848747177,-0.10757353202559544,0.04005929778046199,-0.22790173856694734,0.09296632516227907,0.04942981310002893,23,0.0004246308634782608,0.0061266463580510406,23,0.0007814259372958002,0.014978278200396693,-0.30151924227295973
2016-01-01,-0.42857230177788885,0.15683397552099893,-0.14393298316592357,0.16121301754758324,-0.2074030454597849,0.24576405935558923,-0.11705753978633267,-0.16729768016440585,-0.08591372278174617,-0.005406135798098532,20,-0.00275197086,0.01053113391271936,20,-0.014388928529169124,0.04214183557944484,-0.4677117631070245
2016-02-01,-0.23637282961567535,0.131157817685223,-0.16420554539135962,-0.005691998941450039,0.09673277645442209,-0.22619906670798018,-0.01499379538431914,0.3122728830299421,-0.0797527608878008,-0.3980229993212974,16,0.0003887408225,0.004886271165668102,16,-0.003195956356774751,0.030406999920791863,-0.1652430033178151
2016-03-01,0.45459854693938906,0.2233003511179183,0.022309496581176282,-0.03213021722014202,-0.3000573250798242,-0.3093694523679182,-0.09290292670423386,0.09540421287761738,0.028049858603876578,-0.11535147068494991,23,-0.00026057054536956495,0.006845588343590777,23,0.00796381941200788,0.026726488340893115,-0.10595494333022408
2016-04-01,0.13163984952718216,-0.1162990020888673,0.16892146549256862,-0.20358990964928297,-0.438636987236035,-0.24406457743718463,0.02245100268987042,0.194630462379697,0.2130695170083272,0.33617698935826124,20,-0.0019437573679999998,0.0050937958206138355,20,-0.002092598689642465,0.018840597536347106,0.16568133101322122
2016-05-01,-0.40499561723350413,0.3211968921072768,-0.4048913566908447,0.34976495680444186,-0.12918242372788233,0.20350736279683845,-0.18474735126198788,0.11900602863746201,-0.42070949145369946,0.14737332554603638,21,0.0013501189523809523,0.007423897394518432,21,0.0006821462694277333,0.020767884164602363,-0.1740099113026698
2016-06-01,0.12649593533726988,-0.4869171942355354,-0.08960144492343342,0.06473915172968112,-0.18370339587933707,-0.21386869943018966,0.30120713556589246,0.5003448362260897,-0.19088658933332772,-0.35460325724300373,20,-0.0003787722405,0.005411242925429493,20,0.00173302749321834,0.0189388614936479,0.3502932310245581
2016-07-01,0.09709439598740484,-0.06145406888989896,-0.4792468279496149,-0.17662141358088623,-0.15749793677958418,-0.14015746033316975,0.11825854567504406,0.11341473091481342,0.5678758814323022,0.21916701446727224,21,0.0004679322480952381,0.006136777635831336,21,-0.0021956684351804663,0.014624987956893537,-0.10356206575144515
2016-08-01,-0.055730008757329697,-0.1075450891942768,-0.2740085980186528,0.29091105517515903,-0.3456646803437936,0.28155981785128414,-0.15935659759344287,0.29723829822215925,-0.1726821058143712,0.1503499188888877,23,0.0009451109686956523,0.005737889650478028,23,0.0014522925493084566,0.010363289845100678,0.15022549258125292
2016-09-01,-0.11263065278123578,-0.38996449041766545,-0.25951878575544873,-0.08536667874738929,-0.1269367237678621,0.08677530560115207,0.28553641012924785,0.022720842744544514,-0.10502026001059984,-0.10158536366182035,20,-0.0027449214189999996,0.005160219245612385,20,-0.000921441933321185,0.009171380187488497,0.16044118611354122
2016-10-01,0.2889525050113522,-0.24150850622698633,-0.19343602933457293,0.033931720008446846,-0.10275221330119137,-0.2751038340228848,-0.029536316285739554,0.41921449361349866,-0.07620936468042097,-0.604515375914878,16,-0.00010633563749999999,0.004937529513901226,16,0.00032962894579769363,0.00938145878567683,-0.06343460236140665
2016-11-01,0.1293451348081408,-0.10875033490472596,-0.21104528630397754,0.03123513812574227,-0.0325492147015288,0.10633212717525252,-0.25766012750486944,-0.07769818958185466,-0.23818628466110536,-0.09312955445736691,22,0.0006670899631818182,0.005866744124778934,22,0.0005173190439853591,0.007700097641266007,-0.17716624773080045
2016-12-01,-0.1198735745327872,-0.17158893559599117,-0.12474456840111109,0.16520165862810796,0.1943707945761212,0.011732024525248713,0.11472494343154843,-0.19019862288178624,-0.17671352549792227,-0.0688264137855492,22,-0.0027125997681818185,0.007182423402424721,22,-0.0047530111259231215,0.012976722449783411,-0.3119636987775345
2017-01-01,0.3965372766313822,-0.0397948291475513,-0.1452766333553001,-0.16329179736353183,-0.31675717655822033,-0.08368816743900066,-0.08728642682116798,-0.17738548821378672,-0.044354693517479914,0.20916724762094333,18,0.0005413351555555554,0.008350153427538132,18,-0.0020995698556340666,0.013206410995075923,-0.20953792907673346
2017-02-01,0.28556311461242745,-0.08538993104594776,-0.09668803293444478,0.10771050171211528,0.09048225593306464,-0.06502764812542312,-0.07987969331166081,-0.1980381286934269,-0.26595121873196875,-0.3433814864036766,18,-0.00011381103555555564,0.006445866191866735,18,0.0012155533119411277,0.006672585127538515,-0.07305987722191615
2017-03-01,-0.41138006428469787,0.12408625338790466,-0.007088405878592643,-0.14957497627090996,0.2893530124509212,-0.2843481108966742,0.25706589072294994,-0.29829514827404846,-0.059035492971485484,0.18887535550552026,23,0.00021062937826086956,0.006849460083914423,23,-0.0004182327753915653,0.007891468604071796,0.30258729777469345
2017-04-01,0.120236110935781,-0.22744597849474343,-0.30804104328687176,-0.08570246005335655,0.2929353555910827,-0.06680997769651817,-0.27190675580482054,0.18336948584659002,-0.1124087638930703,-0.043098741930457735,18,-0.002397493522222222,0.0064562539375682395,18,-0.0016272740500931388,0.009502989874848985,-0.16155351077500948
2017-05-01,0.2866364807452084,-0.1309495465937584,-0.0672969404643178,-0.1249984596472146,-0.199271194043461,0.04411759096369024,0.037226929891572065,-0.31228526365329573,-0.4891450968447023,-0.4278440844077108,20,-0.0010983490755,0.007864728069871062,20,-0.002361564106636938,0.009271910860341601,-0.10203704729644124
2017-06-01,-0.12604768058039112,-0.37708344267492816,0.12336034764055878,-0.3483380833811694,-0.04006950734335747,0.22457140628216932,-0.04765269779849349,0.06123037360255299,-0.041412960727364424,0.06956964758292511,22,-0.0009414730227272728,0.0061824365768124116,22,0.0014204099832369453,0.008956240469598621,-0.2294482817774167
2017-07-01,-0.09268827059054947,-0.2647016389418155,0.11369320279895102,0.40100312461671545,-0.1022596480805934,-0.13689158990607683,-0.14876342542297913,-0.08832793411663252,0.264944654383851,-0.16398718022822734,21,0.0001445639428571429,0.007220385529380766,21,-0.0020695695354193146,0.015364311737470175,-0.0030092576434675757
2017-08-01,0.005757455998070956,-0.27035558926691167,-0.14785803782838558,0.4562033570238597,-0.05483087716637846,-0.14906847858709218,-0.1406115934461808,0.5223554147537103,-0.12888274158182564,-0.012521098425492226,23,0.0002366318008695652,0.007295390314247258,23,0.002793722584301431,0.009708975740266242,-0.15005111989716122
2017-09-01,-0.03120999067477034,0.003130987983162034,0.06753412986935532,0.0756926368642758,0.1741920474749386,0.1170344141855232,0.34845739461219566,0.11593007532529052,0.00656328102160128,-0.09916343116233657,21,-0.003367785452380953,0.0069921895741984095,21,0.00047513615398506686,0.006928203204548443,-0.2547451378326065
2017-10-01,0.12046138003985694,-0.3222311377236057,-0.04338966779654476,0.021048675587536068,-0.21997901744318213,-0.12091022843872219,0.04777415875809835,-0.16143646899693562,-0.01611157333010315,0.5892416038390997,17,0.0001827068341176473,0.006892030587104913,17,0.0001463519203871824,0.010735456979631103,-0.044643153685931525
2017-11-01,-0.13380683337857327,-0.2791273859158221,0.022358228801444367,-0.0571413959319355,-0.35376565004818744,-0.34340492339286605,0.1672647367027017,0.10783924028847235,-0.16375295048896482,-0.0950029796988408,22,-0.004230327549545455,0.005776743465574875,22,-0.002410882699815355,0.011905937534091079,-0.13718375539700484
2017-12-01,0.005930930094862859,0.051881904184506486,0.0971228852451246,-0.14027579166071272,0.5227061046324314,-0.30907857483854156,0.16175542158041686,0.3926671155378842,-0.22961281934919947,0.05347846723274395,21,0.0006928239919047621,0.004788596615329321,21,-0.0004284162445227809,0.009861202927633211,-0.42514723553745126
2018-01-01,0.22425778137556354,0.0029825987253191888,0.36822519874097576,0.15248635683798675,-0.15038939061848353,-0.5073053962760531,-0.07740680172029261,0.04233674907456355,0.161531928921164,-0.4021993752943593,22,0.002062918377727273,0.009054019128003443,22,-0.0003762107125502455,0.012804590186531326,-0.11155450186576095
2018-02-01,-0.1272674385330313,0.10547734715994539,0.2163182661237381,-0.3503924856756136,-0.32766363763955525,-0.07836429427882576,-0.44919848784562194,0.07650918064711384,0.10417660459716928,-0.09735412447747917,15,0.0019651032733333327,0.010151467853359767,15,0.0009675412997472002,0.022591587864364937,-0.06418663484590434
2018-03-01,0.03827625609662106,-0.06773313525154033,0.0494314539789138,-0.26075712820610264,-0.46641754087436077,-0.05632536667298139,0.010570546658433178,0.050278153665878934,0.20175443217946692,0.02310257619840414,22,0.0031725873613636366,0.006107856175847718,22,0.0038661489768220536,0.020178110162550538,-0.1941299673380463
2018-04-01,-0.12422504340737944,-0.228314762312337,0.6853915062359283,0.21451508270678732,0.09095750610681828,0.11469291032189749,0.18256800850062807,0.34614964273198007,-0.3726527000976118,-0.18270172682356944,18,-0.002195567548333333,0.006269239057702511,18,-0.0027239089093361955,0.01531179739344163,-0.2003455032611065
2018-05-01,0.26782724164013805,0.008616363574956244,-0.23060076454104728,-0.10132116832777294,0.1904020510705813,0.14278846560505895,0.20175303267913525,-0.2970461171314385,-0.34233461241695773,-0.12172623094630984,22,0.0008754486459090909,0.0062093831003676055,22,-0.0015121218563600271,0.011918444275751958,0.3491642768695793
2018-06-01,-0.3740613867156848,0.09490471359708753,-0.22304407067064613,0.06887234185228182,-0.008857203009466406,0.0364385051156586,-0.07240148217727183,0.17868957365013163,0.14768538335646267,0.07471362216617093,20,-0.001591609825,0.007508969732873142,20,-0.0038668988680550602,0.020753458390834544,-0.19827955111520057
2018-07-01,0.05612708091469494,-0.1754830719112319,0.0282931273312886,0.2355924398891195,0.023699995575523655,-0.02760974918056818,-0.24454570813177057,-0.13177549650457698,0.3918171519952112,-0.41944814829763877,22,7.369796545454564e-05,0.007230839052397202,22,-0.0011946258128590589,0.014769930457454646,0.05760723724799941
2018-08-01,-0.25517630361846466,0.19684687689835256,0.10878146177162838,-0.08099025044686034,-0.2436386829669887,-0.09042450533628393,-0.19446575111971948,0.16502603005367114,-0.24723250530921287,0.27229541801736623,23,-0.0008804094750434785,0.00627254509080044,23,-0.003496758607355744,0.01775320909751595,-0.07090916518221453
2018-09-01,0.027196312338047427,-0.33198878020192824,-0.372152670705416,-0.08661922741969433,0.1458693973932267,0.4616850421651872,0.16654859579419357,-0.2050294512496274,-0.19062113489446028,0.14431476893047615,19,0.0003671960357894736,0.004307520534508161,19,-0.000808915530041937,0.012071780422704658,-0.3708115657624943
2018-10-01,-0.3085199001145756,0.07382173074271839,0.15372570482230888,-0.1604595565729268,0.06603661975109716,-0.374221909614478,0.44404477396240266,-0.34896896984943176,-0.08026790749110253,0.32873573927300725,18,-0.0003931483419444444,0.010408358385652107,18,-0.005278845732792279,0.025419360321968777,-0.24501829775928766
2018-11-01,0.060723558271045114,-0.06219059931516498,0.04541690766126746,-0.05270257165542623,-0.006891761167404468,0.24830371191154105,0.2366072088471879,0.3548342331451837,0.2154655010284017,-0.005168440913092676,22,-0.0005935200277272726,0.005161865183251573,22,0.002044532655135714,0.018186133703177305,0.4939093817835256
2018-12-01,0.12623228824987298,-0.11661547019607489,-0.016480414083781442,0.0733197735403839,0.013341561134429839,0.16498843931819016,0.06775821383054512,-0.033715412512802405,-0.05829058872402326,0.05534117528593298,20,-0.00014248217200000008,0.005100066468487178,20,-0.0029630728627283902,0.013409005318890995,0.012293613190158592
2019-01-01,0.15515310325301687,-0.5308117537579605,0.024703716021962772,0.11134450918162093,-0.16798674257142673,-0.08818646441857378,0.08634141731700741,0.020402288185970133,-0.2574156486681426,-0.3378828616596366,22,0.0004534403431818183,0.005827694697315191,22,-0.0007593155795507273,0.011603698596303464,-0.22598800792888696
2019-02-01,-0.06864777285068636,-0.11644430661944041,0.35204869776790726,-0.22146428554092018,-0.01466937322643787,0.01628525408526642,-0.0098026311574542,-0.39041784254057776,-0.1036619465791372,0.46571754499493645,15,0.004179069986666665,0.009667336036647971,15,0.01520434394624607,0.019500817692968544,-0.01641905344790284
2019-03-01,-0.3065296926699599,0.19202323648806244,-0.13615890003480016,0.020343660726043,0.1553503493150914,-0.19410378565453668,0.43086687922202965,-0.09111942483832,-0.1909019662708299,0.2412329019641349,21,0.0008282533385714285,0.007125173475098438,21,0.004952323123679177,0.02377192585441923,-0.06999976631390097
2019-04-01,0.517374690884802,-0.04186163547712919,0.06309209686065263,-0.5704617811920221,-0.300533709894714,-0.4858800410621078,-0.2693875385939345,0.33391736020238943,0.01556163450865144,0.4405552006039051,21,-0.0013121546395238098,0.00574857993994919,21,-0.0018690926625583523,0.016290363154593233,-0.1808035554000271
2019-05-01,-0.044846871228249596,0.23647133686397767,-0.021519453923645123,-0.09538729872103428,-0.21600338594953547,-0.5063475343168763,-0.17519835943591727,-0.16956443314743833,-0.07315816320225492,-0.0707200900250021,20,-0.0021746896895,0.006808110826406756,20,-0.004177552083750196,0.02522155300838902,0.021021673926729035
2019-06-01,0.09554280937814211,0.26314917630478707,-0.19195350268200567,-0.07064137312342164,-0.4714662724256799,0.013199471855348246,-0.020529292660228286,0.11902601025612601,0.1321678057734786,0.3504005066763986,19,0.0007666320121052632,0.005492705044417448,19,0.0010874676315632836,0.014762867869142268,-0.17051922068941677
2019-07-01,0.027833106772148803,-0.3019281787957808,-0.06034844442805823,-0.11147992259536248,0.00591570858328588,-0.10404477804554642,-0.3062564138372773,0.36107415310986823,0.15231455154634363,0.10767880572974031,23,0.0013154731917391304,0.005918844790032519,23,0.0017525800867660738,0.013416057994830704,0.025194114218670714
2019-08-01,0.11785421383238939,-0.03449135586539356,0.1552750431038122,-0.1544035435861942,-0.38547960693384736,0.036207013378034676,-0.057797537459339555,-0.1418961274558123,0.06277673132359961,-0.12912090188451383,22,0.00029968802909090904,0.007048341375988761,22,0.001236959161182291,0.012590794308829922,0.10670521512389437
2019-09-01,-0.3212988571250095,-0.18759453292260753,0.2407859824382167,0.12703248343090517,-0.4561117691789695,0.07082268102419226,0.1251977197307118,-0.14892549008926478,0.13181870961914988,0.130495347476543,20,-0.0008631535429999999,0.007066267570887136,20,0.0006118846545149104,0.013964295033619593,-0.12853111617571006
2019-10-01,0.4278388877020492,0.046291485876808106,-0.23307324729587559,-0.12128414619645107,-0.30423582485690265,-0.19655698528720153,-0.14915061024734727,-0.06131133519551476,-0.23142000407358054,-0.11175296605344368,18,-0.001273238207777778,0.004491797048941418,18,0.0015281456105138726,0.010340725940866708,-0.10463138494500299
2019-11-01,0.23089027200938678,-0.1746770279855593,0.033686897203857535,-0.11586852878063704,-0.2619258891308554,-0.060488689280880414,0.08739953930109474,0.008807754921952852,-0.3560643905755249,-0.3688629765445877,21,-0.0006512068857142856,0.007586363792752965,21,-0.00012437088876448101,0.010830741741170763,-0.07856241870586597
2019-12-01,-0.051768447582341844,-0.09787690789337893,-0.050698680700248897,-0.17725476313618813,0.2794171358475872,0.25509155603548045,-0.6035182712476432,-0.17321428631202743,-0.09772175877399128,0.002113185674742324,22,0.0018218360454545458,0.004619456435640882,22,0.0035637466381361134,0.010841477015273927,0.2052735182462694
2020-01-01,-0.0754926181319551,0.3304484152901474,-0.3012617507108968,-0.17677977142732554,-0.5421978939500475,-0.11047946211536389,-0.17178196217969413,0.38497984296566945,0.16513291004223551,0.21708157474854337,16,0.004881203497499999,0.007172554459773808,16,0.004481393596306931,0.01557264801658582,-0.21279886828881134
2020-02-01,0.10365870777003641,-0.20329095532231098,-0.35971058417636914,-0.42351747351777286,0.03541977124525047,0.16811661083464874,0.27607358790225467,0.43154367768042873,0.035291557818590794,-0.2065712370353696,20,0.004975840382499999,0.009496321722360082,20,0.004075387821081555,0.03043825734767941,-0.2755929115805403
2020-03-01,-0.20591918066902676,0.1993059229514219,-0.3282541517931881,0.14159641641124898,-0.06524184595630397,0.16621500559314603,-0.04501602966624429,0.12501802486334568,-0.03912800739363889,-0.057609587192606164,22,-0.0020989187545454543,0.007490110755157809,22,-0.004278061837784082,0.025058807715380868,-0.016552574763587152
2020-04-01,0.29927239145820433,0.2150955589160655,0.2644901473943171,0.2758257519411717,0.18628377273587285,-0.20197550601432987,-0.034889278860169105,-0.4882835222726572,-0.1495087002830755,-0.5049980627596194,21,0.0024471682714285715,0.005492745572301322,21,0.004900641026689352,0.0150626876948843,0.32963641049419395
2020-05-01,-0.17706163013575973,-0.2161883598286656,-0.013357132736746345,0.296973585023753,-0.2395124592289797,-0.15458638029578514,-0.13600954720909977,0.05034743448973141,0.1176326457389568,-0.1039552268506506,18,-4.2986382777777904e-05,0.00641850111481741,18,0.0005581005523064165,0.013947013240233869,-0.08369020325630822
2020-06-01,0.3694770110186875,-0.001373521880558367,-0.46438168601629776,-0.21759887165498548,0.39205124270892494,0.15842376143832249,0.0992694792752692,-0.06910141971145298,0.12686013088485357,0.18236385263359878,20,-0.000503125068,0.005418901250348886,20,0.007875540468499314,0.011087463784557711,-0.1499238274044297
2020-07-01,0.20742803792114767,0.03938990131165634,0.1565228661784854,-0.33064187559823915,-0.074048741534385,0.1266042041110403,-0.021012429185207092,0.2149875149693368,0.008390901684205481,-0.16827506629449962,23,0.00367310255652174,0.007700561139330028,23,0.006290978507531329,0.025448994709696544,0.2801469922356346
2020-08-01,0.6315368885872622,0.17484881266662827,-0.03801783007708832,-0.20848778700046436,-0.12828263146569788,-0.22145433862588842,-0.2099317598308949,0.014899981899595335,-0.1342928686302615,-0.11342838955377758,21,-0.0025344661685714294,0.0074445831682159675,21,-0.0010071254795004242,0.017254311532732127,0.37070165968042434
2020-09-01,0.02442221674970691,-0.07900255892874763,0.10080102797990562,-0.354036815723529,0.04807734224015783,0.37948576978076015,0.13446427630433838,0.03133627907888887,-0.17483043171524476,-0.3662905390424587,22,0.00010199004363636377,0.004996595843707204,22,-0.0024821984534795,0.01705528931578015,-0.35771908839986705
2020-10-01,0.4434509522710161,0.05759125242555947,-0.2292645495548037,-0.5283391260925537,-0.44373331517934533,-0.20133815238045216,0.29195962356992655,0.03906605947278353,-0.2215747409416532,-0.2683874294084474,16,0.00184224259125,0.0050275252631286635,16,0.0021043988125968318,0.018209711970120442,-0.31306973272049704
2020-11-01,0.1741868051022825,0.1902408085106491,-0.007805155407459952,-0.1670051675644847,0.41641051829193537,0.27711460038584895,0.47328650622428,0.14066157617088915,-0.34321484987311696,-0.1808887145640234,21,0.0021695775619047625,0.006181724914943411,21,-0.00031831571225722884,0.015025840218882152,-0.17243857480629793
2020-12-01,-0.22039570731976088,0.37347341321652877,0.010136710881775285,-0.4732552724139764,0.36923647288281886,-0.5741239233581672,0.30072512735767265,-0.04792456131015081,-0.28685583282908966,0.2032550647795729,23,0.0020143253304347824,0.007092785925790864,23,0.005320271720180578,0.014658627945951757,0.11023137381183444
2021-01-01,-0.16660397070094432,0.16238716425869512,0.02891352144230628,-0.13621827389972585,-0.09988773227172983,-0.5595414108236465,0.09250616722774548,-0.4958658344512167,0.14262216395588648,0.04977669336386148,20,0.0035647188634999995,0.008206126441678273,20,0.0028931672483852007,0.021064562735043882,0.080441864094266
2021-02-01,-0.1751817646996007,0.2400927652830025,0.05137566786893831,-0.016149068550009638,-0.4992387146493443,-0.01625479888347666,-0.30695296715702,-0.27898323385495716,0.1584340987965846,-0.0028285899607393135,15,0.0004322878073333332,0.008078482920555505,15,-0.004510749804344227,0.020820000736567007,0.3390101799630591
2021-03-01,-0.09083385773273879,0.14172054748557947,-0.4306544683653663,0.26863194941552143,-0.020973692856941954,-0.0511260496715136,-0.291664523582166,0.1513034121743593,-0.2290063955436841,0.022855161600116223,23,-0.0035494878265217404,0.00993224482084547,23,-0.002102367019051022,0.023541077554302608,0.2401723881564256
2021-04-01,-0.12357974347864091,-0.122342037115614,-0.0789781602529966,0.06992040252655515,0.312386561591629,-0.24368456440057748,0.037006382653254115,0.2587589718909055,-0.28310235979038534,-0.37078404752070393,21,0.0030160267238095247,0.006616077764167068,21,0.0055444834017429,0.014493809240746567,-0.10568436862322654
2021-05-01,0.04620887819914134,-0.07766534272271318,-0.021211086084170813,-0.09049296406537212,0.02574566842687053,-0.10555318344904371,-0.15134431240140098,-0.12243261810289593,0.1796623727781458,-0.05717596589299527,18,0.0009214310666666668,0.006317551533001868,18,0.003933677557814933,0.01710095522515401,0.026135660739396813
2021-06-01,0.14201342484965898,0.03693468922625925,-0.03028239918520776,-0.24330504313334775,-0.4838997404396538,-0.11339573415856768,-0.19152539583323636,-0.031740178194524245,0.147831549265304,0.2519216992463845,21,0.0032468795123809513,0.00785886126630799,21,0.0024900271600727573,0.015918818313598235,0.25714076666904545
2021-07-01,0.3243560967895402,-0.2724861530475623,0.23381040187755345,0.41527234501824,-0.04669520566170169,-0.38274068866304284,0.26510222879115036,0.17931665237144043,-0.4066451695136337,-0.10148140614433579,22,0.005154801834090909,0.0065259934911524676,22,-0.00020565692297644497,0.023742482307095632,-0.1440771783402669
2021-08-01,0.6211066892989155,0.41897835642973497,0.25280873162804646,0.2979968582648965,0.5397433373969479,0.6424457045511572,0.47590061198795214,0.28885774178195345,0.2063945570336541,0.1318950812488202,22,-0.004685003220000001,0.007381591589717824,22,-0.002968910463903518,0.015234984439855085,-0.10080067626973507
2021-09-01,0.6761319733078155,0.5012367121259803,0.1920568579214609,-0.023085744082092737,-0.06919609345605957,-0.2589403203397312,-0.1380619061448162,-0.1121166962350221,0.08908984458769652,0.4019056611165079,20,9.250346000000019e-05,0.007320980543982883,20,0.0005836253778662898,0.014955362137668038,0.049029354245341154
2021-10-01,0.11082777740584739,0.1653357914133967,0.31343659208242924,0.14979429884854065,0.20081662630829414,0.08330973658120105,-0.4170868099778821,-0.6139525332463517,-0.2481006517052947,-0.48066165378583864,16,0.005751402516875,0.008155249388239335,16,0.002082903273423445,0.011972347568984774,-0.2232468628002493
2021-11-01,0.17900782464339335,-0.06456381627306114,0.21548793698471605,0.2417226551099744,-0.1980962947499914,-0.06157064185930806,0.02302932197602174,-0.3306582893478605,-0.17152330268327842,0.1905041652535095,22,0.000689803463409091,0.005504560590715574,22,0.0019600427155282226,0.00822082990770421,-0.09606105479230602
2021-12-01,0.0007172619517431515,-0.046954231223178246,0.27058642853346465,0.0027521370133750246,-0.17868877386974258,0.028191346360199234,-0.12702005218948217,0.09304648688107642,0.061077599599570764,-0.4009772510194534,23,0.00024930861919565217,0.006376803254109538,23,-0.00213173451964352,0.011926209777080173,0.09138923639133881
2022-01-01,-0.05316874331850187,0.11054323656308827,-0.1549099091856356,0.07433533641831057,0.031186645189522227,-0.11622542195692279,0.1663830298729577,-0.1609965168275508,0.3101293331275602,-0.11622673912156689,19,0.0033784768536842106,0.008312449766546071,19,-0.006851225776247341,0.015672169521545296,-0.11473031108605973
2022-02-01,0.22922535599572563,-0.20407425382536087,-0.41800385787717115,0.011995379811935419,-0.29383345688360346,0.02305811988001392,-0.14854381892178212,0.3168350360359817,0.06845397655436092,0.3784201602859772,16,-0.0002877007143750001,0.006541704726644375,16,-0.00043193960374035686,0.018149368874969967,-0.3711061612419491
2022-03-01,0.0849960284945304,-0.2946856418387175,-0.09626474996908835,-0.2531683967023431,0.014700667620395978,0.22186400225666092,-0.047596206218045764,0.2352462926252899,0.11325358768363158,-0.5191904426353627,23,-0.002875951939565217,0.005355082666812037,23,-0.0032153389082468435,0.02294828058460856,0.3057093972327373
2022-04-01,0.41268190648100306,0.0237613911126327,-0.44514123990366466,-0.4418965352109474,-0.19237242129036722,-0.12998841949270729,0.17883135503261377,-0.27310856576340736,-0.2904566657720947,-0.1116956153734477,19,0.0010321587842105264,0.007888027899286118,19,-0.006839265200340373,0.02618347734929002,-0.42922981406401645
2022-05-01,0.036190743174433215,0.0316712182361109,-0.2320489357326102,0.03058165397167032,-0.13327121504826883,-0.11284387985618531,-0.0033839355302694688,0.32410476943648875,-0.04980597091051539,-0.21396722202448068,19,-0.0005412078305263158,0.0071888316848948905,19,0.0020439374275308163,0.01591429336804149,-0.28771775464656363
2022-06-01,0.03151185663355528,-0.07329962585299349,-0.034833172542079516,-0.08246699239395959,-0.2427897705653916,-0.11027755778345735,-0.06858347400498978,-0.012824437255036146,0.18911616181132493,0.11712629923363677,21,0.00238262195,0.0060117516768024275,21,0.007584828684383412,0.016611448119878743,0.37647860875018835
2022-07-01,-0.10275882205811133,-0.14357147427624772,0.12819610797450215,0.39891199703920105,0.07939894004746144,-0.2525185164384771,0.1557282564561142,-0.022772471768084238,0.19924667820868294,-0.4123763329660664,21,-0.001318063389047619,0.005151145018263017,21,-0.002337316688161233,0.013830999284013363,0.11845237322624608
2022-08-01,0.26204019301486237,0.07086652561463122,0.006962034685366922,-0.037665380462581124,-0.5019695207216598,-0.2758077320517974,-0.5886205665668857,-0.4017284264797814,-0.30359013019535963,-0.10970137283409846,23,0.0025930873186956528,0.006131092834470893,23,-0.0015464302940520348,0.014961050005104937,-0.006679508169162869
2022-09-01,-0.43985537006643083,0.07785949294922699,0.21587150436853644,0.06824005602203988,-0.12760276248325259,0.07025643622664175,0.13157255725755393,-0.2045557452142483,0.07072856858523285,0.15753969269616266,21,0.0039652235876190475,0.006821761227398054,21,-0.005408105398421205,0.014010760068592787,0.03063579563968968
2022-10-01,0.22230794409484972,-0.07171528711083067,-0.28056461498700175,-0.4270199918996687,-0.24080536963257296,-0.42882789918679287,0.15277122003693586,0.01963272555219448,-0.27990520742752517,-0.04580567961192391,16,-0.0005593355062499996,0.007701363369869286,16,-0.0004562192164220256,0.019992810076776172,-0.20977162682382
2022-11-01,0.283206200584221,-0.09308588216720456,-0.43680502639679425,-0.3614247791678497,-0.26516644618399143,0.006621444228771476,-0.092500293581351,0.27028393776991205,0.09834280021197345,-0.027922132289658813,22,-0.0010326521122727274,0.003917099185832233,22,0.0016951341665185533,0.01501062505774406,-0.6002243741880979
2022-12-01,0.1785663340034607,-0.13849047228931713,-0.3797390965837325,-0.3176546257369499,0.26325958893753504,-0.11362927746910162,0.009898166368479441,-0.29244922645049576,-0.0822887959497844,-0.10881230546398073,22,0.0015001244163636363,0.006009289762603394,22,7.112431445452746e-05,0.009267717672294786,0.1871746451347763
2023-01-01,0.31862077705812497,0.26445243943117963,0.11310844869795744,-0.14759995037062673,-0.3834371767720858,-0.30296892866711084,0.4350067674766454,0.004592080837712765,0.0821317240669695,-0.21199351291888324,16,0.0017846518000000002,0.00843362415967429,16,0.006014171510034468,0.010446751217365725,-0.07861050852879259
2023-02-01,0.059324747816205434,0.3100551926556031,-0.015749015219225736,-0.12333999437392576,0.05437443592114191,-0.10659474924455453,-0.39244846963395186,-0.09790897770090055,-0.1726535372384199,-0.3069126156041429,20,0.0041003155369999985,0.007802910960041224,20,-0.00297164493492559,0.010472487384847,0.1867062955163604
2023-03-01,0.17043120260003225,0.19637740869983505,0.2397242343347072,-0.159700069886341,0.13000781002600784,-0.0659302733015999,0.16289198599883759,-0.028388481049955464,-0.06709886396623928,0.04577564281918237,23,-0.0009269054914782611,0.005012454063303971,23,-0.0004945863387519655,0.008607270499010763,0.14907505566141904
2023-04-01,0.32350154210140275,0.051069504665216064,-0.1797080545253177,-0.190583360276891,0.010772230994840117,0.4719962876837856,0.3917734090678109,0.03142658765319647,-0.4782385539487703,-0.5865799338442835,19,-3.342416315789519e-06,0.005845778016925997,19,-0.0016100380326032257,0.010471497222706494,0.501579740318526
2023-05-01,0.05294762604586434,-0.12051145969403916,-0.5234630928932412,0.08382379107649486,0.14271253379702947,0.4204811190672698,0.07034007930532438,-0.005545744985057194,-0.10581541426766002,-0.27176405710080254,20,0.00197004918,0.0071732598781759065,20,-0.002865450656582605,0.008662715901176425,0.16536817023656303
2023-06-01,-0.45077640886799475,0.15711372207232185,-0.12611719451998674,-0.08537676160422847,-0.0932349722477747,0.08674076855625382,-0.07768890641137513,0.2162678588120678,-0.4171681485824205,0.13256463996780196,20,0.0011196982195,0.006492507028240166,20,0.0005792092049446697,0.013385734886857537,-0.22901662715613705
2023-07-01,-0.01712430772397605,-0.128833111488492,-0.11758329049485094,-0.2514423690183357,-0.0027259974357409893,0.21547078254989732,0.01829869987005955,-0.27345688495674547,0.085220818979853,-0.2585627863326059,21,0.003162590104761905,0.007890507530353879,21,0.0005149092195559046,0.01014320984966461,-0.2471720065967377
2023-08-01,-0.0392613777304585,-0.06885841386833352,0.18869507701279764,-0.4288568742880128,-0.02701971037248063,-0.031147838914457323,0.24255856385839342,0.01918313417874256,-0.03953921002023739,-0.19183745189396822,23,0.0007597938991304349,0.007817976590901806,23,-0.0026143091141897085,0.011839790739416763,0.25950516952343616
2023-09-01,0.3088793844037718,-0.12028222696182181,-0.3663461776906282,-0.13150857705171132,-0.12270752553462809,-0.028366785521365175,0.005820060744091957,0.28057454707270385,-0.005464555002229718,-0.17271837280689112,20,-0.0015419892124999997,0.006104763809064812,20,-0.002356982361342845,0.009325319168430888,0.062296185563182026
2023-10-01,0.10088926375549762,-0.2839099167114448,-0.3584646177580563,0.01880466323232227,0.6821273972193318,0.15416415934136446,-0.3075913824093994,-0.4952908504749325,-0.09275280753249869,0.23734067588983163,17,0.001989952317647059,0.006379976426740622,17,-0.0009684439316264178,0.013287989924582196,0.16020597090551983
2023-11-01,0.43083681949987407,-0.09998221578824758,-0.26399917570295506,-0.042286201824546815,0.022007980738120526,-0.29943674865631636,-0.27720743701295836,-0.20230712232030143,0.2058348123076478,0.13693398100558887,22,-0.0007013587918181818,0.005434650396040237,22,-0.0010085155504179816,0.01074498668929071,0.3359103345376933
2023-12-01,0.5260142976011849,0.3207814608752035,0.17392240627110844,0.10258102628218256,0.25501915808823555,0.07915336063569715,0.09870813912832817,-0.2791730892472474,-0.361263404500364,-0.3051777410408552,21,-0.0014385942333333334,0.007834231601562361,21,-0.0006958187049207429,0.01297631950648796,0.26870182152694366
2024-01-01,0.23778901929936855,-0.0674005261659533,-0.15225997424617102,-0.07068376094194773,-0.04231421375915855,0.1335547719494557,0.19069324537634333,-0.11141812476677045,-0.16736809961238536,-0.15594417356889906,22,6.18031330454545e-05,0.008398164255176832,22,-0.008210086991124708,0.015597199055445555,0.11559472227417682
2024-02-01,-0.5333093328907598,0.2319241048010525,0.06988291712119672,-0.039249074956752714,-0.4294253935304154,0.28798879032644176,-0.1648637818014739,-0.09176889765209525,0.21725755562674728,0.05410665106874684,15,0.0019261955733333332,0.009075645499844819,15,0.009504852885527486,0.021720682736724964,-0.01331019678305222
2024-03-01,-0.13106490234336066,-0.06381877351431633,0.028561414361699226,-0.05355308476176791,-0.1563849558432118,0.054406922906826596,0.04649125185362969,-0.2304308256532235,0.2555906701006372,-0.2018986238942154,21,-0.0009554168114285714,0.00501946086831153,21,0.00041594942625480943,0.01570923110970487,0.12474902386228044
2024-04-01,0.09484771303204709,-0.14149093497456064,-0.09044805568173425,0.005971620425626416,-0.06261729447994752,-0.01650130351144105,0.4160799015718156,-0.1686605163656518,-0.23970992450748116,0.014590923892043575,20,-0.0011912515085,0.0063127042806185646,20,0.0012469820920114195,0.01757630841519991,0.06045217153361312
2024-05-01,0.3537159277311441,0.022519628163309973,0.0819008272713257,-0.3857028010035687,0.10160736469081881,0.2664787747564575,0.23581860503296642,0.2329402414145556,-0.3517644018312932,-0.13998200226365254,20,-0.00040127226250000013,0.004602969792746755,20,-0.0013958071166476698,0.010737753762716448,-0.11979495334182395
2024-06-01,0.05330427889403441,-0.6797879962800254,-0.05492860133754371,0.35545803076957233,-0.11644898776815427,-0.39212072369855844,0.05000705353355219,0.2341143642488161,-0.014903193295646154,-0.02477184984752111,19,-0.00027538532105263154,0.006213031977795814,19,-0.0036050250216894944,0.011060992999820645,-0.5110691856974067
2024-07-01,0.008777832977707078,-0.032799787841760845,-0.22098061034045127,-0.06471478836436359,-0.21655378899032723,-0.03303231273961017,0.17642302589539247,-0.13636440212471396,-0.129628007732844,-0.14983030835372912,23,0.001314026476565217,0.009261566039212006,23,0.00021104386579858195,0.013403175079941886,-0.02371442394416846
2024-08-01,-0.2743548898917536,-0.18319453790676307,0.19276518320227778,-0.07843275968679404,-0.09491728580170176,0.02315425737900842,-0.11629589182499696,0.07777591879196456,-0.03983760618590112,-0.1851702913403445,22,0.0006635639954545457,0.007377849122452548,22,-0.002939564119850623,0.010202510103970754,-0.3031037335226316
2024-09-01,0.2066541754015705,-0.022891345246826303,-0.27070166374843546,0.19365044652238636,0.3216691738646604,0.20999281627655209,-0.05811829241927592,-0.1683319387805003,0.10081494908952099,0.02964221186218209,19,0.004913845046315789,0.0073466495155785835,19,0.017797300250022,0.04261850275422023,0.40825591878454126
2024-10-01,0.377403730798982,0.35754927435851996,0.646380363698399,0.29079476750774474,0.09218953091185042,0.09838627048703857,0.03981736460241304,-0.24533689609493903,-0.11416253031186414,-0.2968960624825401,18,0.006479488156111111,0.011394726532936288,18,0.0011844166947322665,0.05516544297477813,0.2618766192033187
2024-11-01,0.3864858487258988,0.2556916699730125,-0.24814499079142846,-0.2917049300258194,-0.10575558249047828,-0.2420642956974818,0.058737449261742666,-0.23434253677103645,-0.1600079311764794,-0.18116767352252341,21,-0.00253748772547619,0.005995319392508411,21,0.0016186466312952238,0.02554515770638833,0.14840810883327413
2024-12-01,-0.049650949862803,0.11424539809489229,0.07743693218160394,0.11580402396300225,0.1874663304744192,-0.30912210495880027,0.18681439569829977,0.0341024883092672,0.08401647747130096,0.15586379640730658,22,0.0018716698377272726,0.005264081974534907,22,-0.0016434443959647772,0.011899079203211172,0.30298914613807537
2025-01-01,0.2971457572860249,-0.04667829715694621,0.04724573235799652,0.33254800279718155,0.16410239749458397,0.17632048550548035,0.0351236490327934,0.3240710135069337,0.3824486686804332,-0.11672969375439582,18,-0.002366729395,0.004315573186202231,18,-0.0018793219635132447,0.018673934074209798,0.03508920918876319
2025-02-01,-0.05220534067484264,-0.23868064700910568,-0.30928295428131697,-0.477634421275667,-0.021585664435085878,-0.04072913073416715,0.12762522978568344,0.31968383530458017,-0.30084374215828846,-0.04422038357107935,18,0.0012922314961111114,0.004650830204541081,18,0.002953203971786249,0.017424459641456874,0.006387280261623366
2025-03-01,0.013555695844911885,0.20802291349904525,0.20880609176223489,-0.012783295323234946,0.2929158484184652,0.12941500676240444,-0.07367907789653227,0.08676786219529344,-0.3094285077710649,0.237824047282444,21,-0.0015264718687619048,0.00516039855188114,21,-0.0014254134500502284,0.010949315785886303,0.08815180262998218
2025-04-01,0.45170819691541414,0.26508339929804453,-0.18507235482653284,-0.18263724266889697,-0.2640381636738533,-0.24550674487225596,-0.1347039329555362,-0.3275249509357921,-0.42824419485837933,-0.3972667976082886,21,0.0018399732404761906,0.006725130370826081,21,-0.0032006737645151767,0.029022465043237924,-0.24124363940310445
2025-05-01,-0.07753011587951766,0.23727357213417816,-0.10682389115314186,0.1284938862213796,-0.012013484735413619,-0.25478181969148234,-0.08488640084635753,-0.38876430814995017,0.11684849976412935,0.07293979638689045,19,-0.0013869164789473683,0.004317923773497744,19,0.0012768127625596422,0.011848458241096156,0.2950355102191621
2025-06-01,0.00018062813562168636,-0.08462300417670533,-0.43077605204549096,0.025427677784342625,0.14472854355237566,0.3216860233753888,0.15950829181497214,-0.09078666148161424,0.1050286770363931,-0.11354393567559133,20,-8.730806850000005e-05,0.005405297140333362,20,0.0039285879835354795,0.011408544897563926,-0.3388902617323054
2025-07-01,0.07104582308270058,-0.10166295768106426,-0.21582786041956586,-0.5655574051291524,-0.2913755476748902,0.27050491611136995,0.23064760733315853,0.1522515374640912,0.17952327607283317,0.017766285909353984,23,0.003584226030434782,0.00712728255582232,23,0.0034737189253149273,0.011386688756410052,-0.079982976933883
2025-08-01,-0.006629185322467317,0.4047622064642162,-0.1531443208244089,-0.036822427976717795,-0.14634237963331403,0.13093793178565435,-0.20054937186031702,0.09960476777546202,-0.12944711888529267,0.0010066956261064522,21,0.0015490570666666667,0.006103425097614582,21,0.010473511529795459,0.016056387906494978,0.21974871393705336
2025-09-01,0.055166920244270154,-0.01390257511118891,0.026498379566475518,0.08320100900974471,-0.20068576870906937,-0.18918215827965543,-0.08661519235449626,0.33939471277657596,-0.17880862516793544,0.12420966164238793,22,0.0010766785190909095,0.007846404798814084,22,0.005485686242865434,0.02478632632061426,0.25958997988281307
2025-10-01,0.10781682218453512,0.017128757083029755,-0.12338439439274389,-0.08017521161853926,-0.035501533165151505,-0.34050519266873996,-0.06147516370651134,-0.10518502517480134,0.43586001187347606,0.19365606491538678,17,-0.0004314230800000001,0.003843424884247778,17,-0.0006217029786959707,0.024624089785881736,0.22111246739070495
2025-11-01,-0.2756951504144574,0.07847435209946615,0.00033344112556313814,0.10096355475752655,-0.051200148176329695,-0.07178525700857236,-0.008903933916583921,-0.06963986997418072,-0.31645361044839115,-0.08438460791868671,20,-0.001074423538,0.007844041884540092,20,-0.0020281646768678355,0.01621652553040876,0.031136368633473376
2025-12-01,,,,,,,,,,,1,-0.00397473,,1,0.0130741435960937,,
