交易日期,whole_market,000016.SH,000300.SH,000510.SH,000688.SH,000852.SH,000905.SH,399006.SZ,932000.CSI
2004-10-01,-0.2866295954536167,-0.2866295954536167,,,,,,,
2004-11-01,0.06252839038282643,0.06252839038282643,,,,,,,
2004-12-01,0.4044872794002261,0.4044872794002261,,,,,,,
2005-01-01,0.4037550749150124,0.4037550749150124,,,,,,,
2005-02-01,0.5869807313549369,0.5869807313549369,,,,,,,
2005-03-01,0.7834118646078778,0.7834118646078778,,,,,,,
2005-04-01,0.8197255712097967,0.8197255712097967,,,,,,,
2005-05-01,0.7795145891277719,0.7795145891277719,,,,,,,
2005-06-01,0.40968765079732067,0.40968765079732067,,,,,,,
2005-07-01,0.34929414757713917,0.34929414757713917,,,,,,,
2005-08-01,0.2340873474865935,0.2340873474865935,,,,,,,
2005-09-01,0.22582454426107917,0.22582454426107917,,,,,,,
2005-10-01,-0.2616242173297182,-0.16651182979481854,-0.7446765256439475,-0.09858270770610852,,-0.8527519027817619,-0.3488962977662713,,
2005-11-01,-0.3849539384959598,-0.26512493154815997,-0.820597596614971,-0.23151691972100225,,-1.027323330219654,-0.4835050914203288,,
2005-12-01,-0.27338849007587135,0.08295870320825616,-0.5953299875402396,0.07034568148949505,,-1.193142804213838,-0.6350722203673473,,
2006-01-01,-0.16832022489842202,0.3070402425104831,-0.3773983996637299,0.32625725088732466,,-1.289464454157204,-0.7113339411133011,,
2006-02-01,-0.32863531288615744,0.06007946857585686,-0.5601039525245334,0.26762576940971033,,-1.547124237678968,-0.7669517892571702,,
2006-03-01,-0.021363880839003646,0.15300532542292886,-0.3507174921454408,0.5318961311529737,,-1.1150588688773202,-0.22924267679247723,,
2006-04-01,0.24996688123434113,0.44516755729982793,0.07460885155424174,0.9219616680770593,,-0.8278262747791696,-0.26737557302457116,,
2006-05-01,0.2541001259493385,0.3101336698708958,0.10073857558177987,0.9337787588368094,,-0.7272457706567198,-0.2502027809303903,,
2006-06-01,0.6820961845296333,0.5270979924932626,0.4505018674232314,1.4185208795973239,,-0.2327406856996972,0.3438026917897278,,
2006-07-01,0.7909814518413021,0.6056623136479365,0.6554324330796444,1.589813881315365,,-0.34503509502487323,0.5457355491441198,,
2006-08-01,0.9204878985382359,0.9281971316947519,0.7751695492718067,1.636824821558469,,-0.16916996491004688,0.5281197780318807,,
2006-09-01,1.2175302055843162,1.3904875195790813,1.192413121026568,2.015676806271343,,-0.0003626633694873982,0.5861380673697582,,
2006-10-01,1.0513883834755116,1.3229734077656885,0.9598538318772085,1.7673462804974378,,-0.11235441246841461,0.41582463266131964,,
2006-11-01,0.8771796063711064,1.2555928167724861,0.9486394520384545,1.6475050851842468,,-0.6044551052930913,0.2353176061091174,,
2006-12-01,0.636951610326927,0.9505622968409098,0.6745293508973047,1.3673892582228613,,-0.9642832935363714,0.2532622621656121,,
2007-01-01,0.8248276900693285,0.967158364872607,0.8777612864480887,1.782970968234334,,-0.8406524781631816,0.4336021319104758,,
2007-02-01,0.7017514159140845,0.795946342115266,0.8206874228984811,1.6334401948362685,,-0.9312619813497853,0.28664692402587344,,
2007-03-01,0.5462025235117893,0.6376745031187594,0.7418332870818516,1.4608889354195302,,-1.0565327596335283,0.04385047452801458,,
2007-04-01,0.5273942609350855,0.6318246880388183,0.7328698614164763,1.2881710460426379,,-1.0648167006862699,0.14562423281944575,,
2007-05-01,0.44641521941590623,0.5092246360051265,0.5044760779508443,1.0912031070685784,,-1.0288544294438857,0.2527285284545488,,
2007-06-01,0.1661056343745173,0.4270398861681822,0.2096493887622149,0.6348276726263187,,-1.0919678541036313,-0.2523190986248172,,
2007-07-01,0.2055581340254444,0.36674893577838924,0.20142754364681095,0.6128458726560017,,-0.8926306463139606,-0.16389921268433844,,
2007-08-01,0.26851214462157663,0.37376864820774264,0.18587852055771642,0.6151644765731091,,-0.7362618915670429,0.0007127922920385499,,
2007-09-01,0.239500738708194,0.3981288324482923,0.20680768599175636,0.45941935049748295,,-0.6983468391883152,-0.0718035132525658,,
2007-10-01,0.25287876188470637,0.21174494624189927,0.15643742579925618,0.4741376407851023,,-0.48857197975994493,0.00734759931289973,,
2007-11-01,0.3140239419022161,0.3951353642290977,0.07506739688552262,0.30007747998335976,,-0.4055291698634369,0.3020704612322183,,
2007-12-01,0.07951529096945506,-0.1111905987619275,-0.3741402289472009,-0.11537418279917017,,-0.22966296346711962,0.3246462517783743,,
2008-01-01,-0.014699820899863422,-0.21381932421962588,-0.3958787611339779,-0.1336793048132876,,-0.39437690696362315,0.16095701558687822,,
2008-02-01,-0.2414951282598321,-0.6422129533181987,-0.8017786044648484,-0.552473227288381,,-0.3199062748499949,0.20559724157794323,,
2008-03-01,-0.2382850805918835,-0.924683383886659,-0.8512180124348937,-0.490086120051861,,-0.19540258593867627,0.3666665223083533,,
2008-04-01,0.13441310680832738,-0.73366444523569,-0.5772680304366034,-0.09479278421538101,,0.31742269041348076,0.8570699264715113,,
2008-05-01,0.06484964610314574,-0.7786825003323433,-0.6912952651502967,-0.20952304636167096,,0.30508594129987415,0.7953649240158462,,
2008-06-01,0.20780355546340407,-0.5736776832529908,-0.5197747471119128,-0.05580440841196188,,0.3832337344029523,0.9017427046466142,,
2008-07-01,0.34812650961075875,-0.4697334645983932,-0.41974696705902426,0.07692218558341904,,0.5920482265562708,1.0578443905272021,,
2008-08-01,0.3312613255027715,-0.526535279021701,-0.4453705125603727,-0.004540837017883076,,0.6888628465058746,1.0405922325636203,,
2008-09-01,0.4101011526303112,-0.3895336652677167,-0.32775163543050534,0.09591565266830307,,0.7074496236990477,1.061127610438108,,
2008-10-01,-0.11558985006516742,-1.0001965635759467,-0.8944062201794166,-0.4753020830040068,,0.27112472092049167,0.6175327184687218,,
2008-11-01,-0.0880464551953284,-0.9741173431631902,-0.8679032132722423,-0.48973698509047753,,0.36709334814544514,0.6211337403595034,,
2008-12-01,-0.2984432733520641,-1.2546808475910636,-1.1147607807509456,-0.6946869761491249,,0.2320623157990088,0.4365517448874853,,
2009-01-01,-0.059648741924683835,-0.8368889960849999,-0.770110852817162,-0.4179265306042929,,0.24496917517980868,0.5784153176589075,,
2009-02-01,0.34979618316912836,-0.451083474840735,-0.34245262871892823,-0.005876012601155167,,0.6183034617711571,1.0267913931909836,,
2009-03-01,0.4945931930908032,-0.27370391273881406,-0.2522483937011906,0.11125808521747475,,0.7679767050080262,1.2163853046242001,,
2009-04-01,0.08208699769584277,-0.7122600574614213,-0.7354587887498312,-0.43128249165306304,,0.4428155587012431,0.943322590597967,,
2009-05-01,-0.1377548094546164,-0.7356086207677894,-0.9860318972892301,-0.7108468333020621,,0.10116670523731092,0.7392484218043694,,
2009-06-01,-0.3432077785416243,-0.8473547256333529,-1.1716130047464524,-0.9096359213417395,,-0.0801593363663761,0.38942591833548024,,
2009-07-01,-0.2502515011535771,-0.769914318242529,-1.1185697438388689,-0.8194380190561219,,-0.031757497644489985,0.5851238959698053,,
2009-08-01,-0.24601124052823853,-0.8984126101669354,-1.0597092342052243,-0.7984771230418729,,-0.05112776729062881,0.6743723550191498,,
2009-09-01,-0.35824807205765147,-1.4726394071642064,-1.2810470683361723,-0.8506240445922219,,0.11880202883595567,0.7909699539240687,,
2009-10-01,-0.4234239553778617,-1.3570299992346182,-1.2233685026078234,-0.8864668615596293,,-0.0992682432465124,0.5457156527149557,,
2009-11-01,-0.8521079694152258,-1.6677389837026662,-1.5457903886221398,-1.2753380351907464,,-0.6527947848265883,-0.022175831778307287,,
2009-12-01,-0.7283408049195559,-1.6306120486240676,-1.2380305623568233,-1.061182934742338,,-0.6049296469579271,-0.010247008960942208,,
2010-01-01,-0.9216126262054778,-1.9762573833897683,-1.538061654462539,-1.1996911194580544,,-0.7378139173279071,-0.05953723343343839,,
2010-02-01,-0.8387573422970578,-1.7549902905335413,-1.6524520826670825,-1.1804098778274394,,-0.6028655530138439,0.09363291551230024,,
2010-03-01,-1.0618263650232111,-2.2176529738935846,-1.9763103711712937,-1.3956273343526466,,-0.7318003977207703,0.10896107497792135,,
2010-04-01,-0.8163843399046664,-2.006939570812798,-1.589332321313885,-0.9974712103126162,,-0.5378933597721328,0.1464165856437818,,
2010-05-01,-0.6430883751770469,-1.6491157464703616,-1.3423437996429806,-0.7895574649489467,,-0.4583914258924638,0.12066838402520007,,
2010-06-01,-0.4298382708521771,-1.3426025251760936,-0.8974439189068025,-0.5255870873319121,,-0.41434753268881835,0.12749153279842293,,
2010-07-01,-0.5026469877984847,-1.3009149811216738,-0.8539420274380755,-0.505644840182849,,-0.7211678506421397,-0.034863416652003654,,
2010-08-01,-0.7694441428882305,-1.446832599868812,-1.1339033323198089,-0.8350534596342707,,-1.0318937561735273,-0.3028357434890517,,
2010-09-01,-0.7191962173196753,-1.671655304433593,-1.2126505693070437,-0.8107390781502248,,-0.7613945461111721,-0.04283976564066122,,
2010-10-01,-0.8557469217709844,-1.5391616987486731,-1.0892715875716266,-0.8249165813155037,,-1.2185701141208027,-0.510112804142634,,
2010-11-01,-0.8853189669955953,-1.5676336213411366,-1.0392899843877843,-0.852827230226145,,-1.2377792972327295,-0.6323628788344994,,
2010-12-01,-0.8033222481356677,-1.5710837639385646,-1.0331734424050643,-0.8398294544651387,,-0.9850655181378353,-0.4907572387760538,,
2011-01-01,-0.4837508080782302,-1.4103808090899674,-0.5738414711302419,-0.4796271456151308,,-0.7037986917342232,-0.15440409986590597,,
2011-02-01,-0.48232893318720904,-1.4974905602264368,-0.5258467983593906,-0.42234835818062466,,-0.691378994972535,-0.17787813124137636,,
2011-03-01,-0.7030487319653851,-1.3854209394722123,-0.4911285817761299,-0.709669850223404,,-1.1120982329948037,-0.571432337050048,-0.3695116941328215,
2011-04-01,-0.7640624395082258,-1.5460085953297735,-0.7216372732950613,-0.8234591523346783,,-0.7903740474749038,-0.4633326396069979,-0.6605321728650491,
2011-05-01,-0.9203322909662939,-1.6744618509024234,-0.8482194795406994,-1.0665184531074092,,-0.8280293306239563,-0.7035287130315473,-0.8222051624488363,
2011-06-01,-0.6666984769124091,-1.5955666535027433,-0.7701243566749084,-0.9306877826352858,,-0.5265576985926015,-0.24826643390107073,-0.3499571800249539,
2011-07-01,-0.5890876947151333,-1.6086917873055835,-0.5430244293125646,-0.7075279221519704,,-0.5090708253811003,-0.23172827264089085,-0.3554521753557994,
2011-08-01,-0.4906147611133762,-1.3496401304429586,-0.38808066701351673,-0.5395385714407224,,-0.39426549733904437,-0.16374013253660383,-0.5293928117645204,
2011-09-01,-0.40340170639352063,-1.3967784684886035,-0.3204764170070506,-0.40797623630530777,,-0.5519704537922884,-0.13733466225719984,-0.026843244367782848,
2011-10-01,-0.6048947383825393,-1.3136829921053919,-0.3857765850373608,-0.5337142728424022,,-0.9493921746287737,-0.4945281451176262,-0.37324350442079013,
2011-11-01,-0.7211348799425941,-1.321633378980022,-0.47404756808295445,-0.571308656621289,,-1.1549396228499622,-0.6463466483498744,-0.5795026486285715,
2011-12-01,-0.9335802225494929,-1.5688034859948814,-0.7186503024470889,-0.7877728071115183,,-1.4112316638297953,-0.8421753665942528,-0.6938169531765299,
2012-01-01,-0.9338242996503037,-1.5611149603240648,-0.6907799585995184,-0.7080358528937651,,-1.4249591077272559,-0.7330323589745952,-0.9059928032397319,
2012-02-01,-1.0095933628420146,-1.6913192973350533,-0.7754402165693077,-0.901627584502425,,-1.4148802018250932,-0.7814583996600659,-0.9138037210172514,
2012-03-01,-1.0457827846141226,-1.8699641389321076,-0.9426085588345092,-0.9965873599707977,,-1.3939638482659624,-0.7601605287829044,-0.7323815167555635,
2012-04-01,-1.1208612661371578,-1.7893360571494632,-0.9019446024410874,-1.0764500485639734,,-1.4371776050915763,-0.8549119047041651,-1.086316622729791,
2012-05-01,-1.1547203750938533,-1.9998647815395427,-0.9728711170647885,-1.2691636464349583,,-1.346864657349276,-0.8788604175285198,-0.8816668745031441,
2012-06-01,-0.9676418431012292,-1.7395673040081623,-0.7814767054776046,-1.1262542694610382,,-1.201703101642499,-0.5859983355106244,-0.7918205863645562,
2012-07-01,-1.0468567181279158,-1.71918342545052,-1.017052479035733,-1.298979455492458,,-1.0519509383402428,-0.5994643520961068,-1.0154789022095434,
2012-08-01,-1.0128579234501327,-1.3795366182122786,-0.882664240244661,-1.2391222140563687,,-1.2196460870616441,-0.7429979133524125,-1.0341497116305403,
2012-09-01,-1.2572108553247308,-1.6301831935537998,-1.1319750262417045,-1.5097699732298775,,-1.4607157190694513,-1.0456674901644232,-1.1859229735462367,
2012-10-01,-1.5321089426055734,-1.8094510475975476,-1.2772633505563957,-1.7365727593926858,,-1.8503733068646862,-1.458901155490056,-1.4810612795891769,
2012-11-01,-1.5388548405363769,-1.933494043830894,-1.228592157505879,-1.7367114556940788,,-1.7523016245435674,-1.4184119061196734,-1.5845870993812765,
2012-12-01,-1.8775360796589533,-2.341078083820894,-1.5261922438154418,-2.1031349012216083,,-2.1046564456358454,-1.7061412436520478,-1.9049828036649898,
2013-01-01,-1.7656658918504835,-2.08692790806303,-1.3424867923157007,-2.0018736884281787,,-2.146527359702868,-1.722113043933149,-1.7150358025170829,
2013-02-01,-1.6706976825554896,-1.9121655088463347,-1.1508544258965625,-1.7359035334930837,,-2.232186248063571,-1.6083287413175729,-1.8057168815729208,
2013-03-01,-2.010986650758314,-2.1233917358490224,-1.5795630483391696,-2.2357591601254057,,-2.6248700745932245,-2.046252386243043,-1.8770527432571273,
2013-04-01,-2.2208263803260495,-2.189420729099566,-1.7035409531444943,-2.456040389065837,,-2.879643148796472,-2.3037304556084,-2.2135518500986375,
2013-05-01,-2.199368165571631,-2.4565272945250936,-1.6019959540632491,-2.1753874704179355,,-2.689284262767389,-2.3286760850012156,-2.365307170512012,
2013-06-01,-2.259900774344333,-2.3152648380407754,-1.6896745443869352,-2.3261094614743767,,-2.810466355729797,-2.478863303307206,-2.359995386984019,
2013-07-01,-2.415040679710997,-2.186989147119551,-1.7996612650929407,-2.5026460669846147,,-3.0951369042869623,-2.847794868022621,-2.4789850706164054,
2013-08-01,-2.4359058386757906,-2.115426991110459,-1.705446503463256,-2.5214576650960616,,-3.1731059568734126,-2.88980283597855,-2.631164323390115,
2013-09-01,-2.6973738147642017,-2.4076081380843717,-1.9547791213571868,-2.7836666220994424,,-3.3077819226425618,-2.896098451297701,-3.2552778769610584,
2013-10-01,-2.720471930731387,-2.7918098721671134,-2.1613678459238876,-2.7027509575003448,,-3.2180503307028587,-2.7069029896109127,-3.162918832340315,
2013-11-01,-2.7446155944942006,-2.8805527629148715,-2.300739100543844,-2.921615334297945,,-3.1895801154458585,-2.5601178036118273,-3.0360576940079684,
2013-12-01,-2.772294989801393,-2.8458794503240092,-2.3906816413418714,-2.992411133927394,,-3.169062428760049,-2.6767558747212346,-2.97994865359091,
2014-01-01,-3.0110794046601437,-3.270428195930906,-2.695345819353152,-3.3242851970567444,,-3.372259689102535,-2.8590529948161527,-2.966073775558482,
2014-02-01,-3.2578404610782083,-3.322908918966773,-3.126139094409096,-3.65793357296278,,-3.474848222317402,-3.145485235548546,-3.2406969661217624,
2014-03-01,-3.42406211127574,-3.313635447015402,-3.268258339449795,-3.9229751875713204,,-3.7068124186892852,-3.568298644697242,-3.185361874088503,
2014-04-01,-3.3090046593173805,-3.072532307095141,-2.966600486688784,-3.7620448304808787,,-3.681448305044249,-3.7276296342261004,-3.064741636226238,
2014-05-01,-3.19855598276428,-3.018806313258077,-2.9455885937509407,-3.7486549318435447,,-3.4716753518800316,-3.5396156894586537,-2.887964260251541,
2014-06-01,-3.2899143223771716,-3.407770412023904,-3.238498303521533,-3.8628262473958848,,-3.4771961315052367,-3.6169436590283635,-2.5572204246452177,
2014-07-01,-3.264680625290428,-2.9659466298609023,-3.0423421239512902,-3.668145453336696,,-3.620028883575875,-3.68678763482484,-3.0258022700500753,
2014-08-01,-3.338900607113575,-3.2294785995741413,-3.273725738889848,-3.9553210931123615,,-3.3998828592911883,-3.6965996491386264,-2.8993649465323963,
2014-09-01,-3.3833047407906993,-3.263437742059998,-3.167287461916692,-3.786456543207405,,-3.616763523926456,-3.7477866520255385,-3.1390657654652174,
2014-10-01,-3.4341708655168937,-3.079637708431618,-3.017549580950191,-3.70278318759566,,-3.603167848601014,-3.826973072145576,-3.4432163523202597,-0.4035328116403489
2014-11-01,-3.3617842016806474,-3.0965474349818214,-2.9783299399230367,-3.551051077253217,,-3.4562203133628526,-3.908740805044471,-3.426904351737733,-0.15235999252781318
2014-12-01,-3.2021945998080383,-2.7329684007622834,-2.4426927762846087,-3.04326680269543,,-3.5812220921564517,-3.8158965553718707,-3.5844617173741655,-0.2525183570778713
2015-01-01,-3.203659272153577,-2.8195929650269815,-2.6243276196772496,-3.237687628351033,,-3.4316614673931802,-3.811727614161604,-3.463258294615327,-0.0750238189160771
2015-02-01,-3.1405999643753466,-2.6000442125281236,-2.380844235373422,-3.0216731919381,,-3.3951989637358038,-3.654747808923692,-3.908744015456016,-0.06061182573868454
2015-03-01,-3.1817727268890743,-2.508311105738337,-2.132732623332552,-2.790834469018582,,-3.7542012963313214,-3.6621518937667474,-4.42322423300861,-0.03861797009378583
2015-04-01,-3.3890149249149357,-2.757350454312255,-2.296440634833448,-2.897476937916197,,-4.1009696050918825,-3.8207391374838466,-4.713687138775103,-0.17410506905823459
2015-05-01,-3.3326992091928505,-2.9990628782304025,-2.366638508530943,-2.9307555455180925,,-3.864097606768893,-3.62321307509925,-4.7054184048599055,0.1226270515911157
2015-06-01,-3.143239222408959,-2.923817316085726,-2.1548724508024866,-2.7621270774534668,,-3.558914982762629,-3.360100433378658,-4.570921430354958,0.2904146309087948
2015-07-01,-2.9724417489457617,-2.8447380966618714,-2.2396413369899815,-2.874757407732632,,-3.062756486004775,-2.9485370979910575,-4.374157931126052,0.4998316108196201
2015-08-01,-2.8159340844180836,-2.9051524748670614,-1.967848000030218,-2.4885248745860475,,-3.010054676445849,-2.723295370196402,-4.264277960659409,0.6099502627919856
2015-09-01,-2.6890974076442613,-2.5137290288498644,-1.8744960373062065,-2.4918576225132862,,-2.8635508332485387,-2.7419341780332207,-4.16405085224982,0.7882721956246896
2015-10-01,-2.4501302372819382,-2.593261044160047,-1.8277050621978066,-2.2755380997024037,,-2.4390112399975283,-2.377471533838147,-3.8375316902461867,1.1619425061021358
2015-11-01,-2.204704409410079,-2.368933958867425,-1.4518123177860258,-1.8581576346295683,,-2.2636600187727356,-2.129538364205234,-3.6669518235251353,1.2684587488491543
2015-12-01,-2.3168287805559244,-2.4362567926550764,-1.3710357514240272,-1.8413052821400941,,-2.5036396526114966,-2.2882494347115663,-3.968471065798095,1.1534920123824672
2016-01-01,-2.7619812193200546,-2.9104084564894865,-1.835395777278769,-2.344034337117642,,-2.8812691432700888,-2.767180034750782,-4.436182828905119,0.8029375395050893
2016-02-01,-3.0500949448822743,-3.4176055872525843,-2.359356164043171,-2.7495612870577877,,-3.049631378090272,-2.986701304858149,-4.601425832222934,0.7759524362825618
2016-03-01,-3.218402620961848,-3.6547392986855547,-2.7102880350357483,-3.048690350313173,,-3.0921815432098225,-3.012005887088155,-4.707380775553158,0.6588030400862596
2016-04-01,-3.1498827715228495,-3.6703651802664976,-2.8812445114327967,-3.0986926195585607,,-2.881875137832195,-2.8308595260322416,-4.541699444539937,0.8178925159358652
2016-05-01,-3.18387273355093,-3.61427598349707,-2.7260178068789718,-2.9636792255555426,,-3.0722298086973017,-2.8969882897736445,-4.715709355842606,0.6641268323222125
2016-06-01,-3.03023132604641,-3.5727367033641944,-2.5326348680997572,-2.8284695347564246,,-2.935253403483039,-2.8091389650841614,-4.365416124818048,0.7943658142143377
2016-07-01,-3.142026651179977,-3.8340722279354083,-2.859512884278737,-3.233236255240172,,-2.8452359399570644,-3.121593197483292,-4.468978190569493,1.3307776341379092
2016-08-01,-3.0629212678082434,-3.9158673762011036,-2.935436436842384,-3.329406102184683,,-2.508514868293287,-3.0516017340061143,-4.3187526979882405,1.5814658377916901
2016-09-01,-3.1610712919284385,-4.009760794818581,-3.039770271872371,-3.5093352286114725,,-2.613373541060353,-3.2427652129305606,-4.158311511874699,1.408153014602549
2016-10-01,-3.1693957486281708,-4.1326387277265155,-3.1728880700523403,-3.4207668352694447,,-2.6131043089852075,-3.3118103936901333,-4.221746114236106,1.6495197064961318
2016-11-01,-3.151000756241427,-3.9212072620242697,-3.216618524743926,-3.394285494497632,,-2.570170404529368,-3.2529282370613815,-4.398912361966906,1.6594524880670745
2016-12-01,-3.225223283625722,-3.711014825773313,-3.133410906551346,-3.4021189349201366,,-2.8363254978450265,-3.373399073813305,-4.710876060744441,1.5529178112010937
2017-01-01,-3.305170881449866,-3.7619310644657027,-3.2480790836822853,-3.6404973009805923,,-2.8287150412780475,-3.501524300217474,-4.920413989821175,1.7273001072297953
2017-02-01,-3.2310841732005957,-3.5528310364042692,-3.0164504991668406,-3.4817607865590037,,-2.825986320362563,-3.2917381275139883,-4.993473867043091,1.5069869215791667
2017-03-01,-3.218024387859888,-3.511525483107358,-2.836729698163521,-3.6132455292605306,,-2.8017036001000877,-3.529721816034571,-4.690886569268398,1.4199774778488294
2017-04-01,-3.3984804210037143,-3.6043799235949545,-3.268371256699031,-4.0603083440208065,,-3.0967163537814115,-3.698796055612898,-4.852440080043407,1.7539845636600888
2017-05-01,-3.252321254133193,-3.4912452941283685,-2.9627591431281664,-3.891824116026297,,-2.9164753100781278,-3.717896735627851,-4.954477127339849,2.1307644443298877
2017-06-01,-3.4160853030343583,-3.8710501028578834,-3.337998089452479,-4.17355177066494,,-2.9820700683329444,-3.683202906413826,-5.183925409117266,2.2815367225324064
2017-07-01,-3.2887395437189877,-3.8090148686349456,-3.2180076424535695,-4.0859152964846395,,-2.851671124695614,-3.5404027161215055,-5.186934666760734,2.633105006051671
2017-08-01,-3.394450186438822,-4.323557382979405,-3.6072445843380634,-4.0228609943243345,,-2.76573678274404,-3.427498584716866,-5.336985786657895,2.6850683076224273
2017-09-01,-3.3193133059713626,-4.17964162451479,-3.254063391640318,-3.8403239205128505,,-2.6090463025413237,-3.513274675615651,-5.591730924490501,2.7152231944494742
2017-10-01,-3.238461838056525,-4.412889096612702,-3.2686792903198074,-3.2887092331968804,,-2.4787070557372495,-3.3819163419191067,-5.636374078176432,2.7603777265000797
2017-11-01,-3.4790331463040087,-4.714511643105235,-3.651947939111095,-3.472912290637601,,-2.833005212322104,-3.565263808022019,-5.773557833573437,2.6203021995770075
2017-12-01,-3.77504200764308,-5.065056976588845,-3.996869307696999,-3.7758068920414933,,-3.146385417671452,-3.7436838938147483,-6.198705069110888,2.4635490003564433
2018-01-01,-3.65604611076623,-4.962983084373508,-3.993295712240931,-3.6369863176329873,,-2.8088344865412016,-3.5340540096722384,-6.310259570976649,2.6164259030074835
2018-02-01,-3.5454489475448008,-4.826030286579874,-3.964070772475329,-3.588591994568067,,-2.6746041307069284,-3.2470455669820173,-6.3744462058225535,2.818981821254742
2018-03-01,-3.473893645466807,-4.9236387887476,-3.9314815678988992,-3.45776041478849,,-2.4282561132783025,-3.1251370273345778,-6.5685761731606,3.079930063874399
2018-04-01,-3.7023421086937174,-5.3469789559630785,-4.226693078142988,-3.73824725809644,,-2.5979899901715826,-3.1521211871541235,-6.768921676421706,2.8768928820274775
2018-05-01,-3.5902336163630184,-5.345471028794337,-4.194256063898783,-3.8114108137477336,,-2.3377137624168602,-3.0191426162765764,-6.419757399552127,2.958451867078869
2018-06-01,-3.7351010863468628,-5.2946701700385645,-4.288980493352261,-4.065953899231096,,-2.5626411416574713,-3.1389538042452467,-6.618036950667328,2.7858643516975086
2018-07-01,-3.689436002891944,-5.220763999361861,-4.323792872836129,-4.105049761238241,,-2.5685644887067167,-3.1385974276145716,-6.560429713419329,3.053481739866817
2018-08-01,-3.5739349137800542,-4.832108351680811,-4.092764268551897,-3.796346357500546,,-2.6199095540209156,-3.1224036831543622,-6.631338878601544,3.0396621939832738
2018-09-01,-3.6273177464945956,-4.849214030335542,-3.918278111143876,-3.5969586640167077,,-2.701691164756706,-3.3299270430487184,-7.002150444364038,2.9693307291369964
2018-10-01,-3.69540867664369,-4.8492156529572386,-3.906076614982414,-3.622904402906387,,-2.7865976182433063,-3.202512873132636,-7.247168742123326,2.708950664773054
2018-11-01,-3.3871034900343524,-4.60696702373124,-3.588333999054007,-3.4174542353261366,,-2.5351510251864133,-2.8056726562664136,-6.753259360339801,2.9594493665971227
2018-12-01,-3.487823672692477,-4.778824660225188,-3.790466198037986,-3.5860881669115523,,-2.4897606110688475,-2.9632129859291845,-6.740965747149642,2.8968881574086387
2019-01-01,-3.7787765736958643,-5.019545952608274,-4.046935764562015,-3.8946572975696765,,-2.8379783452409675,-3.1932023995332437,-6.966953755078529,2.4701729956552323
2019-02-01,-3.9701755717784013,-5.039675475223715,-4.3872843600616855,-4.287413989642783,,-2.956782576313566,-3.4019835686980717,-6.983372808526432,2.2276192729510216
2019-03-01,-3.9118217596492197,-4.97259311223883,-4.294528062447472,-4.250492485363488,,-2.813025449324488,-3.3366581082199858,-7.053372574840333,2.3002529718236375
2019-04-01,-3.955519739432041,-5.119337408445653,-4.511067679339443,-4.450832043096387,,-2.6661862418870115,-3.1189247915875273,-7.23417613024036,2.374221615505672
2019-05-01,-3.923407534126383,-5.174610937975761,-4.503409712568755,-4.418125776919601,,-2.64690718844063,-3.248538712193875,-7.213154456313632,2.703229542461147
2019-06-01,-4.1227699709032155,-5.274317371037105,-4.639840861054356,-4.660776163642952,,-3.041299800807818,-3.3495531899359743,-7.383673677003048,2.4524067640923235
2019-07-01,-4.149474502716325,-5.277145552132746,-4.570846461067077,-4.570559061546701,,-3.1948473136667257,-3.521817535711606,-7.358479562784377,2.4097094648285378
2019-08-01,-4.084166782582179,-5.232664552195278,-4.655255172686106,-4.591997535273804,,-3.054100446833275,-3.5145503587272526,-7.251774347660483,2.6735104322345253
2019-09-01,-4.033511301859526,-4.901526966110634,-4.311734032369702,-4.536903911055941,,-3.253130867819265,-3.7034077891408868,-7.3803054638361925,2.814765414249524
2019-10-01,-4.070171943994034,-4.888875102424963,-4.350406265889821,-4.520233589822626,,-3.295519061240986,-3.7749912209759744,-7.484936848781196,2.7860939781109066
2019-11-01,-4.085092133486758,-5.221678975430326,-4.450983244751748,-4.4445096543361835,,-3.0639608105504457,-3.740491342933307,-7.563499267487062,2.8518138580153476
2019-12-01,-4.001902594479462,-5.217323502490707,-4.312749114958565,-4.398521253557639,,-2.9836806318853912,-3.6644742090346205,-7.358225749240793,2.883991796745061
2020-01-01,-3.9822650396810424,-5.037940905076169,-4.186925779786953,-4.276734428108499,,-3.0701336989653143,-3.6307403608454862,-7.571024617529604,2.859980009478313
2020-02-01,-3.9757013852169463,-4.941422960946716,-3.9775531210870523,-4.038504294218172,,-3.2494159084046568,-3.637875367954277,-7.846617529110144,2.823814982135978
2020-03-01,-3.9266084845100453,-4.797917452044376,-3.9260560914776432,-3.992570546671296,,-3.2231890303072626,-3.578811211188611,-7.863170103873731,2.857790540926188
2020-04-01,-3.753692209876363,-4.910357203261738,-3.8817209061618536,-3.799212300991932,,-2.805372234779613,-3.27132831999024,-7.533533693379537,2.8880146863639564
2020-05-01,-3.753876190375677,-4.880763049113563,-3.7390845499426955,-3.496408232681014,,-2.8999078018983955,-3.5824082365978334,-7.617223896635846,2.9009979311731917
2020-06-01,-3.7593191017324696,-4.86080846941522,-3.9579828388778764,-3.550136941892968,,-2.851313511119825,-3.4401644486266703,-7.767147724040275,3.0746557187791304
2020-07-01,-3.5646374796170255,-4.69012304351019,-3.7778794005621332,-3.3657156424032557,,-2.7103689106242337,-3.270536384251899,-7.487000731804641,3.311497252770758
2020-08-01,-3.3641626904665327,-4.836985288605338,-3.58475702795707,-3.0002503087684373,,-2.4326328368360244,-3.0920828133044376,-7.1162990721242165,3.476204011263379
2020-09-01,-3.3739590114890126,-4.812659689741074,-3.439831690715196,-3.077165041200447,,-2.185107489529433,-3.2668003418792075,-7.474018160524084,3.600204830099936
2020-10-01,-3.3503162949156344,-4.638588480421257,-3.292482140277674,-3.014493981029764,-0.5600624630642729,-2.0177415852180003,-3.0928375219293467,-7.787087893244581,3.937058214282416
2020-11-01,-3.5985297080769283,-4.703483380208671,-3.4934616520947293,-3.2896541369401344,-0.7024886185313136,-2.423677025843097,-3.6426535555598716,-7.959526468050879,3.7630016810358655
2020-12-01,-3.4670284233099364,-4.604299719696318,-3.1960793001384062,-3.1977158506656735,-0.7077670017084128,-2.2361178941472395,-3.5101753507118625,-7.849295094239045,3.901517333250061
2021-01-01,-3.4925238777480203,-4.530488364090157,-3.1200731349111166,-3.1170274005819234,-0.8301351960813972,-2.3647347576996047,-3.593855443209757,-7.768853230144779,3.721271013157167
2021-02-01,-3.570793819022321,-4.890066978577608,-3.5940984919651773,-3.5588997858733067,-0.5524535523332323,-1.9700969948976,-3.7640345736537992,-7.42984305018172,3.5294373837264685
2021-03-01,-3.424850610829046,-4.56294420514031,-3.3453269891050117,-3.3733193341851306,-0.40657437263967156,-2.131791028040027,-3.6220470102378926,-7.189670662025295,3.569163223163562
2021-04-01,-3.4533111428284182,-4.48408405258023,-3.214004614120251,-3.328720565857484,-0.5083862262944707,-2.2081531878548732,-3.827475055674464,-7.295355030648521,3.575984098825541
2021-05-01,-3.416903880809836,-4.769923779970147,-3.305468135580936,-3.411566503133741,-0.2776237388187767,-1.792992072619504,-3.6267982142757678,-7.269219369909124,3.4546552762518985
2021-06-01,-3.5359101435112517,-5.305983656165624,-3.72122395807105,-3.7722465985675524,-0.08677835976834275,-1.6706480388030163,-3.7970488554759934,-7.012078603240079,3.4150214304242366
2021-07-01,-3.5090135373310023,-5.5986919241875475,-3.7720280867843985,-3.7511681650887305,0.32125719627318905,-1.6504586884982604,-3.7128966902455525,-7.156155781580346,3.5843283498862215
2021-08-01,-3.6986716011708825,-5.6355596109661095,-4.049216858981783,-4.003387093537101,0.11996848444108596,-1.9663182638940189,-3.9320780048309216,-7.256956457850081,3.4704695046744614
2021-09-01,-3.727350612076447,-6.039377119006765,-4.43089821906355,-4.378168909987216,0.5918875055243568,-1.7798464475133935,-3.697033017498626,-7.20792710360474,3.4588529229609533
2021-10-01,-3.869455391108237,-5.884306537132783,-4.3560782976178425,-4.378662339229735,0.48648262923043384,-2.174784289066726,-3.98485790545532,-7.431173966404989,3.1040320852336563
2021-11-01,-3.998720767275292,-5.587263225187348,-4.403125456535324,-4.5362080628965105,0.05156136089688834,-2.2837498314744127,-4.340561077269897,-7.527235021197296,2.973109683884158
2021-12-01,-3.9207756006723957,-5.601405959706185,-4.367586158767211,-4.407599911643842,0.1945578761039418,-2.1895619090716,-4.192031169433987,-7.435845784805957,2.969562720368268
2022-01-01,-3.829986616057704,-5.454888302789265,-4.403372514299405,-4.408262939300779,0.34866729589031,-2.11148736369463,-4.0763743048531245,-7.5505760958920165,3.3526958048998736
2022-02-01,-4.208352527169096,-5.801912183180753,-4.806226390880243,-4.8887104178973475,-0.07584711607898453,-2.370758942282444,-4.485039027150773,-7.921682257133965,3.0196506256743403
2022-03-01,-3.798747251346544,-5.2542284559670005,-4.087364655991217,-4.3335193540419965,0.2483246089204882,-2.052836283545181,-4.20426161299108,-7.615972859901228,3.246175111167458
2022-04-01,-3.9253685793142847,-5.343334157943175,-4.1853764490019225,-4.460485239987331,0.0563564282436253,-1.9512143619092621,-4.35725677908579,-8.045202673965244,3.2198591075574194
2022-05-01,-3.9286997007404922,-5.060462127983912,-4.132459811298795,-4.410263024394902,-0.18894088861042127,-1.9102463657737403,-4.399884432377922,-8.332920428611807,3.34187398155016
2022-06-01,-3.799785278899819,-5.099941233063779,-4.108996888209283,-4.386858714778289,-0.23360727787216184,-1.5602942309936272,-4.42100812592166,-7.9564418198616185,3.705160567924466
2022-07-01,-3.7565050469187136,-5.067653120750122,-4.018019297416618,-4.353537146384925,-0.23576081924068215,-1.5426414678734297,-4.3567385250861586,-7.837989446635373,3.696593956460199
2022-08-01,-3.8184162900770513,-5.221235973765236,-4.148738819695318,-4.521931624830129,-0.05111025122621346,-1.559271161169325,-4.491596039107136,-7.844668954804535,3.62751701240408
2022-09-01,-3.8210504363986866,-5.119561003856734,-4.321800633305425,-4.611676794536586,0.048540827922462074,-1.5802580042973609,-4.28318045973851,-7.814033159164846,3.449860244210104
2022-10-01,-3.6743805546419233,-4.541351612398181,-3.91807692136443,-4.452019499468516,-0.12957873199718906,-1.5349568771939897,-4.096547126499571,-8.023804785988666,3.637585626197755
2022-11-01,-3.983033941078941,-4.6435472816947145,-4.021942469563709,-4.898763501039268,-0.19431103277882306,-2.0404112130441647,-4.522803398605599,-8.624029160176764,3.4178310366941136
2022-12-01,-3.745134281377021,-4.1443690160950934,-3.603336744129317,-4.560947979198088,0.011423899938020426,-1.869648420741675,-4.357875124089212,-8.436854515041988,3.3368281567637834
2023-01-01,-3.79616595889907,-4.893201144424058,-4.054400441240492,-4.857933882705213,0.47541403454670905,-1.5885124001646322,-4.105826434397155,-8.51546502357078,3.506892129185661
2023-02-01,-3.6499229566508293,-5.12480048586166,-4.181122607331587,-4.771578185191591,0.5127181410095801,-1.1948030960251774,-3.6987560209010746,-8.328758728054419,3.9240118375718955
2023-03-01,-3.867579358747975,-5.447966911612728,-4.474233454240122,-5.11018568542772,0.24803268865428246,-1.3341742957210105,-4.046311218836198,-8.179683672393,3.7401821880152974
2023-04-01,-3.7064473289761852,-5.4969334493245885,-4.477677938796874,-4.870347753877243,0.2656367427781794,-1.0010751626551795,-3.89568326339046,-7.678103932074475,3.838900633953758
2023-05-01,-3.8163969117649215,-5.7046107949235685,-4.585687129697329,-4.915919181342336,0.17660644657145758,-0.9533775132916457,-4.239026035198631,-7.512735761837911,3.539869184023192
2023-06-01,-3.7578854547993603,-5.495914331519147,-4.439550772942364,-4.6889739834700395,0.18196397289668576,-0.7185518921936225,-4.156332650353133,-7.7417523889940485,3.3323229166033874
2023-07-01,-3.8765558307718577,-5.616656087140548,-4.59197029424429,-4.900843211390501,0.1452514322999282,-0.8412682229485907,-4.297867182587444,-7.988924395590786,3.4161258238499705
2023-08-01,-3.919268110975885,-5.624089701855604,-4.683545866939727,-4.896871145303732,0.26667239245283664,-1.0342958982523278,-4.581140239375782,-7.72941922606735,3.264839305957204
2023-09-01,-3.9290216589556004,-5.486408935926585,-4.543866008267437,-5.044901456575733,0.4385194348075888,-1.1736592051978587,-4.802719995709845,-7.667123040504168,3.184280444151835
2023-10-01,-4.009078152956202,-5.60627476724977,-4.449798926682847,-5.012339664487029,0.4331750423133943,-1.5158602841943285,-4.794296339869597,-7.506917069598648,2.7159812945418076
2023-11-01,-4.10689230831355,-5.725484241884688,-4.668739514444668,-5.23765706093376,0.31595455484926044,-1.6449293297620875,-4.940699238127094,-7.1710067350609545,2.553717607278191
2023-12-01,-3.980707259595647,-5.8293367631342505,-4.663488442421937,-5.1207106338742445,0.37964193191935647,-1.329322805075368,-4.529956885559343,-6.902304913534011,2.48611494333722
2024-01-01,-4.003850260314692,-6.003535035133888,-4.636641434164219,-5.307524438075401,0.29117011480601673,-1.3799821835366035,-4.50642500596883,-6.786710191259834,2.635140599237819
2024-02-01,-4.069339507841878,-6.060688884170037,-4.6121939812646024,-5.397313009665672,0.3506594063371961,-1.5099979586783814,-4.712367592406466,-6.800020388042886,2.523500853578424
2024-03-01,-3.9368135904632724,-5.727281801553861,-4.455836586954144,-5.275813002241094,0.4678029171712568,-1.5491621180423434,-4.531798507148048,-6.675271364180605,2.5891462476652607
2024-04-01,-3.8312166770438005,-5.705108945579905,-4.4090912834103975,-5.303854708493989,0.4893916562637976,-1.4641135175597122,-4.304797899325211,-6.614819192646992,2.998954982824609
2024-05-01,-3.671347342089742,-5.263212965324743,-3.9589517296270116,-4.970551738119987,0.633551592713087,-1.4163971060935394,-4.232355708757152,-6.734614145988816,2.908047572902831
2024-06-01,-3.8698229110154685,-5.517190288929681,-4.115881148407367,-5.10555645628998,0.57345480642623,-1.5681116161281294,-4.410184189586114,-7.245683331686223,2.7668634449001193
2024-07-01,-3.908905894637354,-5.71120582888925,-4.364397611142035,-5.182619053259918,0.45507991373514134,-1.4482914728321687,-4.422177594355127,-7.269397755630392,3.008056753697523
2024-08-01,-4.137364570545938,-5.663787796508111,-4.560654408176168,-5.431090513028343,0.1571832941656554,-1.7214250627182524,-4.755280535505782,-7.572501489153023,2.784934454979123
2024-09-01,-3.646810145199533,-5.244322268084308,-3.864080992118015,-4.733898305273354,0.48205187018989587,-1.1968462710370606,-4.291168106798492,-7.1642455703684815,3.1743229903161545
2024-10-01,-3.7443517508342974,-5.503494442898263,-4.012794340067436,-4.86288245909432,0.5725136901394305,-1.418164058509562,-4.44603236453452,-6.902368951165163,2.9547034278780595
2024-11-01,-3.639054989003594,-5.458556379710114,-3.8861371718918702,-4.735868279551416,0.49238208188730725,-1.2338752128008927,-4.28532513493615,-6.753960842331889,3.0851955357288805
2024-12-01,-3.5849353405641344,-5.072690538873088,-3.656425883555874,-4.800403918187128,0.6525705049572358,-1.4329141963259941,-4.628037265184929,-6.450971696193814,3.045684777273124
2025-01-01,-3.4270111826337675,-4.821881241785167,-3.414926881365656,-4.623004920289036,0.32293592840697066,-1.263393059426743,-4.2911889645414325,-6.41588248700505,3.427546673358584
2025-02-01,-3.5754714816351254,-5.14982546292287,-3.6468313117216202,-4.949283951302994,0.6454780069277923,-1.4738041392559296,-4.652492701771557,-6.409495206743427,3.3687774221322107
2025-03-01,-3.444023745642389,-5.3330985529413315,-3.841577043604454,-5.01149293595452,0.7662155288223249,-0.94831327657898,-4.367135735530877,-6.3213434041134455,3.84084996318478
2025-04-01,-3.674674000838453,-5.447664904383102,-4.148863085972538,-5.315046938364061,0.48936752768744823,-1.1531614516587487,-4.636488833650322,-6.56258704351655,3.7133472315728593
2025-05-01,-3.5713877460712333,-5.824165527059367,-4.370154479618797,-5.4549002424978275,0.705482028667892,-0.645592304939852,-4.591643985616098,-6.267551533297388,4.213718584214179
2025-06-01,-3.6332028251678494,-5.919995105554368,-4.508500601154457,-5.530073734931457,0.7380690334408051,-0.4667342308919391,-4.395659629814247,-6.606441795029693,3.9600079710151688
2025-07-01,-3.628339227693031,-5.9241917716585935,-4.489677463103456,-5.483002206971145,0.7777437634954911,-0.4877447294171393,-4.345520778706992,-6.686424771963576,3.9483986452037696
2025-08-01,-3.5296971513792483,-5.91361489296951,-4.514949538598256,-5.483886164278235,1.0322341386137304,-0.38035954462011373,-4.266879217964273,-6.466676058026523,4.092848575231802
2025-09-01,-3.575220963980524,-5.7418390580727205,-4.368411061137769,-5.496537872231944,0.8985129417742537,-0.6797157925130102,-4.496923526568703,-6.20708607814371,3.82652724347202
2025-10-01,-3.480077853222636,-5.680964679442636,-4.3689920196886876,-5.437964355069049,0.6268076034308108,-0.21534010420957367,-4.433293367431336,-5.985973610753005,3.991392215804997
2025-11-01,-3.49984323802307,-5.643997542628581,-4.375404816554865,-5.322817026496624,0.5960624191237439,-0.26660721225167977,-4.514372033141671,-5.954837242119532,3.81952205830726
